league,n,vol,mp,mo,bias,se,t,reliability
World Cup,2986,7279418340.1,0.2766396517079705,0.2796383121232418,0.0029986604152713037,0.008213509009340597,0.36508883253931496,0.0009426282586152712
NFL,584,1457054069.6,0.3665034246575342,0.3732876712328767,0.00678424657534249,0.02001471999992415,0.3389628521092576,0.0033335083134517903
UEFA Champions League,160,1301079117.4,0.21075937499999994,0.21875,0.007990625000000057,0.03268203228648733,0.2444959643254453,2.966251610824742e-05
LaLiga,1091,802140059.9,0.39636892758936754,0.4106324472960587,0.014263519706691152,0.014893863441567063,0.9576776208974299,0.002484585105868504
Premier League,889,495412845.5,0.4093340832395951,0.3982002249718785,-0.011133858267716568,0.016418212808213165,-0.6781406964189723,0.006565867487302172
Bundesliga,880,242022152.1,0.41883068181818184,0.48522727272727273,0.06639659090909089,0.016847638306603772,3.941002869409026,0.009465143012949042
Ligue 1,629,216734543.8,0.4100389507154213,0.41812400635930047,0.00808505564387918,0.019667196129634426,0.4110934568703803,0.005010763340918729
NBA,472,211098989.6,0.4499745762711865,0.4470338983050847,-0.002940677966101757,0.022884871773360318,-0.12849877400339746,0.00593780040368568
Boxing,83,183878424.10000002,0.38494578313253014,0.4578313253012048,0.07288554216867466,0.05468659919042162,1.3327861532380787,0.00031312193775100405
College Football,228,182964470.79999998,0.30031798245614033,0.2982456140350877,-0.0020723684210526283,0.030297875536656724,-0.06839979319821668,0.004500629425702616
UEFA Nations League,509,158217442.1,0.44677799607072693,0.4066797642436149,-0.04009823182711203,0.021772684063135383,-1.8416760979416733,0.00785687349503763
NHL,354,157380048.6,0.4245112994350282,0.3672316384180791,-0.05727966101694909,0.025620688264109952,-2.2356800264881156,0.006810372340368111
UEFA Europa League,443,135196195.10000002,0.4405925507900677,0.48306997742663654,0.04247742663656884,0.023742095005492018,1.7891187204306513,0.006143807164901319
PGA,66,116541903.30000001,0.03114393939393939,0.030303030303030304,-0.0008409090909090866,0.02110032193402398,-0.03985290336035737,9.587082691319977e-05
FIFA Friendlies,572,96491315.5,0.43672465034965036,0.4562937062937063,0.019569055944055946,0.02082602593995916,0.9396442701297395,0.004359399702753497
WNBA,336,94590364.80000001,0.47458928571428566,0.44642857142857145,-0.028160714285714206,0.027120218584551603,-1.0383660514357098,0.008012726514490044
ATP Tour,121,88174598.39999998,0.05782231404958678,0.05785123966942149,2.8925619834710425e-05,0.02122381200875362,0.0013628852264042032,3.322572815533977e-05
International,116,59679380.50000001,0.5242715517241379,0.5086206896551724,-0.015650862068965488,0.04641693393708338,-0.3371800061197432,0.000722257053291538
Wimbledon,98,55471398.4,0.36890306122448985,0.3673469387755102,-0.0015561224489796244,0.04869764748830923,-0.03195477665226437,1.810292812777285e-05
Brasileirão Série A,390,53993326.900000006,0.432525641025641,0.5025641025641026,0.07003846153846155,0.02531815125597873,2.766333956628148,0.013965914941138217
MLS,322,53834767.3,0.41754658385093163,0.42857142857142855,0.011024844720496918,0.027578119375190863,0.3997678221095385,0.015326317507103818
Liga MX,331,48677815.9,0.4167824773413897,0.4108761329305136,-0.005906344410876063,0.02704237115750919,-0.21841074425294899,0.004629839888730159
WTA Tour,115,48523490.4,0.046269565217391305,0.05217391304347826,0.005904347826086953,0.020736817885358406,0.28472776578974646,7.154064272211722e-07
EFL Championship,321,45803818.599999994,0.4496791277258567,0.4735202492211838,0.023841121495327078,0.02786811523452737,0.8554981668006374,0.004100373954563821
Saudi Pro League,318,45077536.3,0.47223270440251575,0.5345911949685535,0.062358490566037705,0.02797142798900647,2.229363856237382,0.008228705862675502
March Madness,122,42612034.300000004,0.13368032786885245,0.13114754098360656,-0.0025327868852458857,0.030561395271872075,-0.08287536817983562,2.834473067915691e-05
Europe WC Qualifiers,141,37163106.10000001,0.40096453900709217,0.3971631205673759,-0.0038014184397162643,0.041207361477275696,-0.09225095476721078,0.010470680579996085
Süper Lig,228,33641060.800000004,0.4679824561403509,0.49122807017543857,0.02324561403508768,0.03310821261125515,0.7021102077611199,0.005724823525710634
Primeira Liga,208,31272531.3,0.48621875,0.5192307692307693,0.033012019230769296,0.03464311019821597,0.9529173056889485,0.006594515396062278
UFC,98,29483146.8,0.4507602040816327,0.45918367346938777,0.008423469387755067,0.05033905728813997,0.16733466698709237,0.015929937409529242
Eredivisie,245,28120288.0,0.4792448979591836,0.5265306122448979,0.04728571428571432,0.0318988277318936,1.482365266935385,0.007828785686308494
Chinese Super League,259,27986667.2,0.43830115830115834,0.49034749034749037,0.05204633204633202,0.031062698399879636,1.6755251387475627,0.007622948059387801
UEFA Conference League,129,23191184.5,0.46705426356589147,0.5038759689922481,0.0368217054263566,0.044021222583071264,0.8364534936954863,0.009331568347453223
Copa Libertadores,187,23175910.299999997,0.4477807486631017,0.44919786096256686,0.001417112299465173,0.03637440060841559,0.03895905570296352,0.004134597946354787
Chess,73,23023356.2,0.1671986301369863,0.1643835616438356,-0.002815068493150691,0.04337817238884326,-0.06489596813614762,0.003188328864970646
Leagues Cup,126,20845848.6,0.45567460317460334,0.5238095238095238,0.06813492063492049,0.04449300877630064,1.5313623984722022,0.00424080467730021
Copa Sudamericana,156,19661525.6,0.46259615384615377,0.4358974358974359,-0.026698717948717865,0.0397016809431867,-0.6724833134124437,0.0019008307030370963
Liga Profesional de Fútbol,176,19503343.5,0.4112215909090909,0.4318181818181818,0.02059659090909094,0.037336860265498345,0.5516422849331953,0.013906656494941296
LaLiga2,158,19077107.2,0.44702531645569626,0.5126582278481012,0.06563291139240496,0.039765114893007485,1.6505148185538427,0.008340015881699438
CONCACAF Nations League,82,18719894.4,0.47585365853658534,0.4268292682926829,-0.04902439024390243,0.05462131764910641,-0.8975321788983692,0.005033204899858245
A-League Men,163,17203168.6,0.436840490797546,0.49079754601226994,0.05395705521472394,0.0391563888839759,1.377988541655458,0.0038481361542401556
Eliteserien,118,15071675.699999997,0.46372881355932205,0.5677966101694916,0.10406779661016952,0.045603636828055016,2.282006520720027,0.013988994545003016
2. Bundesliga,128,14881926.099999998,0.44910156250000005,0.484375,0.03527343749999995,0.04417258936679157,0.7985367850433985,0.007614456676136357
DFB-Pokal,60,14042050.199999997,0.48314166666666664,0.48333333333333334,0.00019166666666670107,0.06451385151296608,0.002970938212054812,0.0
K League 1,85,10106996.200000001,0.45288235294117646,0.5176470588235295,0.064764705882353,0.05419882583000776,1.1949466596469203,0.0005392147742818087
J1 League,103,9247093.8,0.44165048543689317,0.6407766990291263,0.1991262135922331,0.04727341675974369,4.212223850969911,0.05442540462268314
Scottish Premiership,64,8618414.600000001,0.504921875,0.609375,0.10445312500000004,0.060986308578109355,1.7127307330992125,0.004251002317994503
Valorant,60,7634703.700000001,0.5234166666666666,0.4,-0.12341666666666662,0.06324555320336758,-1.9513888394622367,0.02138127450980394
