time,0
2019-09-10,0.0
2019-09-11,0.0
2019-09-12,0.0
2019-09-13,0.0
2019-09-14,0.0
2019-09-15,0.0
2019-09-16,0.0
2019-09-17,0.0
2019-09-18,0.0
2019-09-19,0.0
2019-09-20,0.0
2019-09-21,0.0
2019-09-22,0.0
2019-09-23,0.0
2019-09-24,0.0
2019-09-25,0.0
2019-09-26,0.0
2019-09-27,0.0
2019-09-28,0.0
2019-09-29,0.0
2019-09-30,0.0
2019-10-01,0.0
2019-10-02,0.0
2019-10-03,0.0
2019-10-04,0.0
2019-10-05,0.0
2019-10-06,0.0
2019-10-07,0.0
2019-10-08,0.0
2019-10-09,0.0
2019-10-10,0.0
2019-10-11,0.0
2019-10-12,0.0
2019-10-13,0.0
2019-10-14,0.0
2019-10-15,-0.0008999999999999999
2019-10-16,0.00030000000000000003
2019-10-17,0.00030000000000000003
2019-10-18,0.00030000000000000003
2019-10-19,0.00030000000000000003
2019-10-20,0.00030000000000000003
2019-10-21,0.00030000000000000003
2019-10-22,0.00030000000000000003
2019-10-23,0.00030000000000000003
2019-10-24,0.00015605000000000003
2019-10-25,5.291000000000001e-05
2019-10-26,0.00054583
2019-10-27,0.00038561
2019-10-28,0.0016455900000000002
2019-10-29,0.0011713000000000001
2019-10-30,0.00106636
2019-10-31,0.00092829
2019-11-01,0.00074601
2019-11-02,0.00030000000000000003
2019-11-03,0.00030000000000000003
2019-11-04,0.00030072
2019-11-05,0.00030000000000000003
2019-11-06,0.00033877
2019-11-07,0.0006455899999999999
2019-11-08,0.000325
2019-11-09,0.00030000000000000003
2019-11-10,0.00030000000000000003
2019-11-11,0.00030000000000000003
2019-11-12,0.00030000000000000003
2019-11-13,-2.0889999999999998e-05
2019-11-14,0.00030000000000000003
2019-11-15,0.00030000000000000003
2019-11-16,0.00030000000000000003
2019-11-17,0.00030000000000000003
2019-11-18,0.00030000000000000003
2019-11-19,0.00030000000000000003
2019-11-20,0.00030000000000000003
2019-11-21,0.00030000000000000003
2019-11-22,-9.188999999999999e-05
2019-11-23,-0.00060008
2019-11-24,9.784000000000001e-05
2019-11-25,-4.135e-05
2019-11-26,-0.0012
2019-11-27,0.0
2019-11-28,0.0
2019-11-29,0.0
2019-11-30,0.0
2019-12-01,0.0
2019-12-02,0.0
2019-12-03,-0.001003525
2019-12-04,0.00013855
2019-12-05,8.103e-05
2019-12-06,0.000241065
2019-12-07,0.00026904500000000004
2019-12-08,0.000266675
2019-12-09,0.00030000000000000003
2019-12-10,0.00030000000000000003
2019-12-11,0.00019185000000000003
2019-12-12,0.00012160000000000001
2019-12-13,8.350000000000013e-06
2019-12-14,0.000135225
2019-12-15,0.000192095
2019-12-16,-7.2499999999999865e-06
2019-12-17,-0.0009696899999999998
2019-12-18,0.00024907
2019-12-19,0.00030000000000000003
2019-12-20,0.00030000000000000003
2019-12-21,0.00030000000000000003
2019-12-22,0.00030000000000000003
2019-12-23,0.00030000000000000003
2019-12-24,-0.0008999999999999999
2019-12-25,0.00028053500000000005
2019-12-26,0.00023422000000000002
2019-12-27,9.073500000000002e-05
2019-12-28,0.00010104000000000002
2019-12-29,-7.584999999999989e-06
2019-12-30,-2.9354999999999993e-05
2019-12-31,-0.0009034
2020-01-01,1.2290000000000033e-05
2020-01-02,0.00025047000000000003
2020-01-03,0.00030000000000000003
2020-01-04,0.00030000000000000003
2020-01-05,0.00030000000000000003
2020-01-06,0.00030000000000000003
2020-01-07,-0.0004729266666666668
2020-01-08,0.0009242066666666666
2020-01-09,0.00030000000000000003
2020-01-10,0.00030000000000000003
2020-01-11,0.0003261533333333333
2020-01-12,0.00030000000000000003
2020-01-13,0.0003422566666666667
2020-01-14,0.0005575733333333333
2020-01-15,0.0025976566666666666
2020-01-16,0.0010325966666666665
2020-01-17,0.0005362499999999999
2020-01-18,0.0005176499999999999
2020-01-19,0.0022565999999999997
2020-01-20,0.0008660866666666666
2020-01-21,-0.00013859499999999993
2020-01-22,0.0003698375
2020-01-23,0.00056494
2020-01-24,0.00058894
2020-01-25,0.00034448249999999997
2020-01-26,0.000395865
2020-01-27,0.00030000000000000003
2020-01-28,0.0009479425000000001
2020-01-29,0.002219725
2020-01-30,0.0013906025
2020-01-31,0.0021932925
2020-02-01,0.0012059975
2020-02-02,0.0018042924999999998
2020-02-03,0.0015631500000000001
2020-02-04,0.0016298074999999998
2020-02-05,0.0010655875
2020-02-06,0.0042908975
2020-02-07,0.0026662049999999996
2020-02-08,0.0023245325
2020-02-09,0.003338985
2020-02-10,0.0042397875
2020-02-11,0.0026719860000000008
2020-02-12,0.007223242
2020-02-13,0.00491534
2020-02-14,0.00223325
2020-02-15,0.003557286
2020-02-16,0.001122476
2020-02-17,0.00123945
2020-02-18,0.000636198
2020-02-19,0.0015067560000000002
2020-02-20,0.00063551
2020-02-21,0.00071883
2020-02-22,0.000953602
2020-02-23,0.0013380740000000003
2020-02-24,0.0008282859999999999
2020-02-25,0.000927174
2020-02-26,0.0008397260000000001
2020-02-27,0.000287062
2020-02-28,0.00037914400000000004
2020-02-29,0.0009116780000000001
2020-03-01,0.000679392
2020-03-02,0.00031973200000000003
2020-03-03,-4.6272499999999933e-05
2020-03-04,0.00057056
2020-03-05,0.0007290325
2020-03-06,0.0006372975
2020-03-07,0.00082199
2020-03-08,0.0010379075
2020-03-09,0.00031905
2020-03-10,0.00037606750000000006
2020-03-11,0.00041612249999999995
2020-03-12,0.000169735
2020-03-13,-0.0035662975
2020-03-14,-0.00024552250000000003
2020-03-15,-0.00048439749999999997
2020-03-16,-0.00098259
2020-03-17,-0.000999013333333333
2020-03-18,0.0002
2020-03-19,0.0002
2020-03-20,0.00021065333333333334
2020-03-21,0.0002
2020-03-22,0.00011821000000000001
2020-03-23,0.0002
2020-03-24,-0.0009248224999999997
2020-03-25,0.0002514975
2020-03-26,0.00023889750000000002
2020-03-27,0.00025802250000000007
2020-03-28,5.422500000000025e-06
2020-03-29,2.996250000000003e-05
2020-03-30,-0.00011300499999999998
2020-03-31,-0.0002999999999999999
2020-04-01,0.00024210666666666666
2020-04-02,0.000246
2020-04-03,0.0003011033333333333
2020-04-04,0.00024147333333333334
2020-04-05,0.00017766
2020-04-06,0.0002752233333333333
2020-04-07,-0.0005502033333333334
2020-04-08,0.0002694833333333333
2020-04-09,0.0002
2020-04-10,9.758666666666668e-05
2020-04-11,3.6846666666666674e-05
2020-04-12,0.00016652666666666665
2020-04-13,-0.00027432
2020-04-14,-0.0013
2020-04-15,0.00030000000000000003
2020-04-16,0.00023737
2020-04-17,0.00030000000000000003
2020-04-18,0.00029727000000000003
2020-04-19,0.00030000000000000003
2020-04-20,0.00030000000000000003
2020-04-21,-0.0005
2020-04-22,0.00030000000000000003
2020-04-23,0.0003086
2020-04-24,0.00037444333333333334
2020-04-25,0.0008169266666666667
2020-04-26,0.0002183366666666667
2020-04-27,0.00025719666666666665
2020-04-28,-0.0002999999999999999
2020-04-29,0.00030000000000000003
2020-04-30,0.0006335574999999999
2020-05-01,0.0006906824999999999
2020-05-02,0.0006017125
2020-05-03,0.0008192849999999999
2020-05-04,0.0003543925
2020-05-05,0.0003868675
2020-05-06,0.00056538
2020-05-07,0.0003002775
2020-05-08,0.00091202
2020-05-09,0.0014631624999999998
2020-05-10,0.00059177
2020-05-11,0.00037507999999999997
2020-05-12,0.00030000000000000003
2020-05-13,0.00030000000000000003
2020-05-14,0.000294325
2020-05-15,0.0002373225
2020-05-16,0.000261325
2020-05-17,0.00024363
2020-05-18,0.0005582
2020-05-19,0.00043014499999999994
2020-05-20,0.00030000000000000003
2020-05-21,0.00027403750000000004
2020-05-22,0.00012076750000000001
2020-05-23,0.00023462500000000002
2020-05-24,0.0002866025
2020-05-25,0.00022068000000000004
2020-05-26,0.00020884
2020-05-27,0.00020973500000000004
2020-05-28,0.0001764625
2020-05-29,0.00020607750000000002
2020-05-30,0.0002938525
2020-05-31,0.00030000000000000003
2020-06-01,0.0002450675
2020-06-02,0.0006191980000000001
2020-06-03,0.000237292
2020-06-04,0.00024000000000000003
2020-06-05,0.00024000000000000003
2020-06-06,0.00024000000000000003
2020-06-07,0.000247324
2020-06-08,0.000289502
2020-06-09,0.000323846
2020-06-10,0.00024000000000000003
2020-06-11,0.00033116
2020-06-12,0.00020867
2020-06-13,0.000207156
2020-06-14,0.00019000800000000003
2020-06-15,8.578200000000001e-05
2020-06-16,-0.00026980999999999994
2020-06-17,0.00021566250000000002
2020-06-18,4.268750000000003e-05
2020-06-19,0.000242935
2020-06-20,0.000227805
2020-06-21,0.00016279
2020-06-22,0.000128115
2020-06-23,-4.2583999999999916e-05
2020-06-24,0.00040769600000000003
2020-06-25,0.000315758
2020-06-26,0.00017990000000000004
2020-06-27,0.000231242
2020-06-28,9.256800000000003e-05
2020-06-29,-0.000382266
2020-06-30,-0.00025252249999999993
2020-07-01,0.00030667750000000005
2020-07-02,0.00022500000000000002
2020-07-03,0.00026306250000000006
2020-07-04,0.0003411925
2020-07-05,0.00022500000000000002
2020-07-06,0.000490425
2020-07-07,0.0002269780000000003
2020-07-08,0.00043116
2020-07-09,0.0009569880000000001
2020-07-10,0.000401692
2020-07-11,0.00035613
2020-07-12,0.000396108
2020-07-13,0.0008886240000000002
2020-07-14,0.00015013500000000003
2020-07-15,0.0004700625
2020-07-16,0.00045093999999999993
2020-07-17,0.00022500000000000002
2020-07-18,0.00023088750000000002
2020-07-19,0.00023804000000000002
2020-07-20,0.0005217399999999999
2020-07-21,0.00046665
2020-07-22,0.0002732425
2020-07-23,0.0009867925
2020-07-24,0.00106703
2020-07-25,0.00070091
2020-07-26,0.00172639
2020-07-27,0.0017280949999999998
2020-07-28,0.002177988
2020-07-29,0.00217913
2020-07-30,0.001860066
2020-07-31,0.00210611
2020-08-01,0.0016216960000000004
2020-08-02,0.0028670120000000004
2020-08-03,0.001194304
2020-08-04,0.0014130100000000001
2020-08-05,0.0013218659999999999
2020-08-06,0.0014120680000000003
2020-08-07,0.0013384960000000002
2020-08-08,-0.00017522800000000004
2020-08-09,0.001215694
2020-08-10,0.002237536
2020-08-11,0.001489094
2020-08-12,0.00045942400000000005
2020-08-13,0.00093601
2020-08-14,0.0023010520000000005
2020-08-15,0.00178077
2020-08-16,0.00188637
2020-08-17,0.002481676
2020-08-18,0.0032022280000000005
2020-08-19,0.0009998480000000002
2020-08-20,0.001135042
2020-08-21,0.0007249300000000001
2020-08-22,0.000323254
2020-08-23,0.00043628600000000003
2020-08-24,0.000627056
2020-08-25,0.000664284
2020-08-26,0.0005904600000000001
2020-08-27,0.000581198
2020-08-28,0.0006709820000000001
2020-08-29,0.000499016
2020-08-30,0.0005909719999999999
2020-08-31,0.000746614
2020-09-01,0.0017251900000000001
2020-09-02,0.001984786
2020-09-03,0.000510848
2020-09-04,0.000198658
2020-09-05,-0.000151724
2020-09-06,-0.00038849800000000003
2020-09-07,-5.773799999999998e-05
2020-09-08,-0.00017999999999999993
2020-09-09,0.00030000000000000003
2020-09-10,0.00029134500000000004
2020-09-11,0.00027493000000000005
2020-09-12,0.0002843275
2020-09-13,0.00030000000000000003
2020-09-14,0.00027717000000000003
2020-09-15,-0.0002999999999999999
2020-09-16,0.00030000000000000003
2020-09-17,0.00030000000000000003
2020-09-18,0.00030000000000000003
2020-09-19,0.0002716
2020-09-20,6.6755e-05
2020-09-21,0.000258985
2020-09-22,-0.0003356974999999999
2020-09-23,0.0002155275
2020-09-24,0.000183585
2020-09-25,2.31475e-05
2020-09-26,0.00016277000000000002
2020-09-27,0.00030000000000000003
2020-09-28,0.00030000000000000003
2020-09-29,-0.00020827599999999991
2020-09-30,0.00027944000000000005
2020-10-01,0.00029469800000000003
2020-10-02,0.000217888
2020-10-03,0.000220958
2020-10-04,0.00019017000000000003
2020-10-05,0.00015885400000000002
2020-10-06,-0.00024235249999999994
2020-10-07,0.00023178250000000002
2020-10-08,0.00030000000000000003
2020-10-09,0.00030905250000000004
2020-10-10,0.000433165
2020-10-11,0.0004652775
2020-10-12,0.00033114500000000003
2020-10-13,-0.00012086799999999994
2020-10-14,0.00037048200000000005
2020-10-15,0.00030000000000000003
2020-10-16,0.00030000000000000003
2020-10-17,0.00030000000000000003
2020-10-18,0.00030000000000000003
2020-10-19,0.00030000000000000003
2020-10-20,0.000363022
2020-10-21,0.00047095200000000007
2020-10-22,0.0010664160000000002
2020-10-23,0.0009499020000000002
2020-10-24,0.0008357700000000002
2020-10-25,0.000707446
2020-10-26,0.00036519600000000003
2020-10-27,0.000307666
2020-10-28,0.000297956
2020-10-29,0.00016550600000000002
2020-10-30,0.00014193400000000003
2020-10-31,-0.00012117400000000003
2020-11-01,-0.00011062999999999995
2020-11-02,0.000306836
2020-11-03,-0.00020191499999999994
2020-11-04,0.000279775
2020-11-05,0.00077268
2020-11-06,0.0010142275
2020-11-07,0.0011124425
2020-11-08,0.0007350199999999999
2020-11-09,0.0005846675
2020-11-10,0.0003635260000000001
2020-11-11,0.0009064540000000002
2020-11-12,0.000564558
2020-11-13,0.0005942240000000001
2020-11-14,0.0006888600000000001
2020-11-15,0.000530908
2020-11-16,0.00047806599999999997
2020-11-17,0.0011692260000000002
2020-11-18,0.0015992120000000002
2020-11-19,0.00039894600000000007
2020-11-20,0.0013328600000000002
2020-11-21,0.0020866920000000002
2020-11-22,0.00179748
2020-11-23,0.0032598540000000004
2020-11-24,0.002343418
2020-11-25,0.0028317900000000003
2020-11-26,0.000487662
2020-11-27,0.00036323400000000004
2020-11-28,0.000497052
2020-11-29,0.00046572400000000004
2020-11-30,0.0011481140000000002
2020-12-01,0.001477606
2020-12-02,0.000663414
2020-12-03,0.00119849
2020-12-04,0.0007141980000000001
2020-12-05,0.00048597
2020-12-06,0.00024000000000000003
2020-12-07,0.00035968400000000003
2020-12-08,-8.584800000000002e-05
2020-12-09,0.00010392200000000003
2020-12-10,-0.00010941199999999995
2020-12-11,-0.001827368
2020-12-12,-0.001580902
2020-12-13,-0.000362526
2020-12-14,0.00014217199999999998
2020-12-15,1.4987500000000114e-05
2020-12-16,0.0008773325
2020-12-17,0.0017427299999999998
2020-12-18,0.0012204224999999998
2020-12-19,0.0015859350000000001
2020-12-20,0.001451305
2020-12-21,0.0008001325
2020-12-22,-8.936399999999993e-05
2020-12-23,0.000150686
2020-12-24,-0.000805914
2020-12-25,-0.000256632
2020-12-26,-0.0008377800000000002
2020-12-27,0.000311256
2020-12-28,0.00116918
2020-12-29,0.0007962949999999998
2020-12-30,0.0016053699999999998
2020-12-31,0.00132149
2021-01-01,0.001391745
2021-01-02,0.0012682775000000001
2021-01-03,0.00309869
2021-01-04,0.0055284475
2021-01-05,0.0011416520000000004
2021-01-06,0.004726538
2021-01-07,0.00380399
2021-01-08,0.0031339140000000002
2021-01-09,0.00258418
2021-01-10,0.004439958
2021-01-11,0.0013906300000000001
2021-01-12,0.0006527680000000001
2021-01-13,0.0013964860000000002
2021-01-14,0.00171659
2021-01-15,0.0017552260000000001
2021-01-16,0.002194924
2021-01-17,0.0018778280000000002
2021-01-18,0.002332746
2021-01-19,0.0037173900000000005
2021-01-20,0.001327
2021-01-21,0.001288344
2021-01-22,0.000352508
2021-01-23,0.00043189000000000004
2021-01-24,0.0014551240000000001
2021-01-25,0.0019509240000000001
2021-01-26,0.000708354
2021-01-27,0.000535124
2021-01-28,0.0005223340000000001
2021-01-29,0.0023711080000000002
2021-01-30,0.00126283
2021-01-31,0.00200582
2021-02-01,0.0012310700000000001
2021-02-02,0.0021727260000000003
2021-02-03,0.003716718
2021-02-04,0.00369236
2021-02-05,0.00488404
2021-02-06,0.0030765020000000005
2021-02-07,0.002433504
2021-02-08,0.0035518660000000003
2021-02-09,0.005765924
2021-02-10,0.006222729999999999
2021-02-11,0.004288592
2021-02-12,0.00449238
2021-02-13,0.00482079
2021-02-14,0.005418296
2021-02-15,0.00168518
2021-02-16,0.0027963980000000003
2021-02-17,0.003181474
2021-02-18,0.004923938
2021-02-19,0.004465934
2021-02-20,0.006704016
2021-02-21,0.002855672
2021-02-22,0.002070174
2021-02-23,-0.00026983500000000017
2021-02-24,0.0006653675
2021-02-25,0.0007013500000000001
2021-02-26,0.000413995
2021-02-27,0.0007495
2021-02-28,0.00040587
2021-03-01,0.0006003174999999999
2021-03-02,-0.00038221749999999997
2021-03-03,0.00116402
2021-03-04,0.00099927
2021-03-05,0.000493205
2021-03-06,0.000916115
2021-03-07,0.001292865
2021-03-08,0.00172013
2021-03-09,0.0028360280000000004
2021-03-10,0.002703516
2021-03-11,0.0019734880000000002
2021-03-12,0.002508402
2021-03-13,0.002315588
2021-03-14,0.003411724
2021-03-15,0.002552814
2021-03-16,0.0010166860000000002
2021-03-17,0.0018343160000000003
2021-03-18,0.003182524
2021-03-19,0.001469494
2021-03-20,0.002322616
2021-03-21,0.00139727
2021-03-22,0.002002306
2021-03-23,0.00042126
2021-03-24,0.001017136
2021-03-25,0.000467182
2021-03-26,0.0007921759999999999
2021-03-27,0.000767932
2021-03-28,0.00115236
2021-03-29,0.001626466
2021-03-30,0.0023586180000000003
2021-03-31,0.002378288
2021-04-01,0.003528412
2021-04-02,0.004025112
2021-04-03,0.004240998
2021-04-04,0.0018161100000000001
2021-04-05,0.0033572040000000004
2021-04-06,0.004361248
2021-04-07,0.0018629839999999998
2021-04-08,0.001668636
2021-04-09,0.002022886
2021-04-10,0.0035423720000000002
2021-04-11,0.00361706
2021-04-12,0.00429484
2021-04-13,0.004917586000000001
2021-04-14,0.005431776000000001
2021-04-15,0.0043219420000000005
2021-04-16,0.00527078
2021-04-17,0.00411142
2021-04-18,0.0009033019999999999
2021-04-19,0.000688906
2021-04-20,8.099199999999989e-05
2021-04-21,0.00048662400000000006
2021-04-22,0.0005063540000000001
2021-04-23,0.000520756
2021-04-24,0.000389646
2021-04-25,0.000431352
2021-04-26,0.0003664
2021-04-27,0.0003260139999999999
2021-04-28,0.0010635320000000003
2021-04-29,0.0009223580000000001
2021-04-30,0.000959686
2021-05-01,0.001598832
2021-05-02,0.001444392
2021-05-03,0.0018415100000000002
2021-05-04,0.0012201780000000001
2021-05-05,0.0015544400000000002
2021-05-06,0.0033978260000000005
2021-05-07,0.001994324
2021-05-08,0.002170462
2021-05-09,0.001681588
2021-05-10,0.002403482
2021-05-11,0.00030212800000000003
2021-05-12,0.0009120100000000001
2021-05-13,0.0005200360000000001
2021-05-14,0.0005425660000000001
2021-05-15,0.0008421260000000001
2021-05-16,0.0009406460000000001
2021-05-17,0.001109516
2021-05-18,0.000592308
2021-05-19,-0.002505864
2021-05-20,7.023400000000003e-05
2021-05-21,0.00013193000000000005
2021-05-22,9.462600000000004e-05
2021-05-23,0.00012208800000000001
2021-05-24,-0.000454414
2021-05-25,-0.00024634000000000006
2021-05-26,0.0003429780000000001
2021-05-27,0.000299384
2021-05-28,0.00021327000000000002
2021-05-29,0.00032781000000000005
2021-05-30,5.585200000000006e-05
2021-05-31,0.000217064
2021-06-01,0.00030000000000000003
2021-06-02,0.00030000000000000003
2021-06-03,0.00030000000000000003
2021-06-04,0.000321132
2021-06-05,0.00030000000000000003
2021-06-06,0.00030000000000000003
2021-06-07,0.00030000000000000003
2021-06-08,0.000272042
2021-06-09,2.472600000000001e-05
2021-06-10,0.00021699200000000003
2021-06-11,0.000272142
2021-06-12,0.00022038200000000003
2021-06-13,0.00021758000000000004
2021-06-14,0.00024255000000000001
2021-06-15,0.000296004
2021-06-16,0.00030000000000000003
2021-06-17,0.000290328
2021-06-18,0.00019846200000000003
2021-06-19,5.881e-05
2021-06-20,-7.6412e-05
2021-06-21,-6.197e-05
2021-06-22,-0.00178325
2021-06-23,-0.00011752
2021-06-24,0.00015568
2021-06-25,0.00027207
2021-06-26,-0.00016521
2021-06-27,-0.0004709
2021-06-28,3.3310000000000005e-05
2021-06-29,-0.001749222
2021-06-30,0.00030000000000000003
2021-07-01,0.000232878
2021-07-02,7.776800000000003e-05
2021-07-03,9.7806e-05
2021-07-04,0.000204698
2021-07-05,0.00011658
2021-07-06,-0.0007559266666666666
2021-07-07,0.0002768066666666667
2021-07-08,0.00018064666666666666
2021-07-09,0.00021669666666666667
2021-07-10,0.0002726466666666667
2021-07-11,0.00030000000000000003
2021-07-12,0.00027500333333333333
2021-07-13,-0.0007618679999999999
2021-07-14,0.00011993200000000002
2021-07-15,0.000237296
2021-07-16,0.00015782400000000004
2021-07-17,0.000206742
2021-07-18,0.00016463600000000004
2021-07-19,7.6372e-05
2021-07-20,-0.0012
2021-07-21,0.0
2021-07-22,0.0
2021-07-23,0.0
2021-07-24,0.0
2021-07-25,0.0
2021-07-26,0.0
2021-07-27,-0.0009338019999999999
2021-07-28,0.000267162
2021-07-29,0.000270984
2021-07-30,0.000244912
2021-07-31,0.00030000000000000003
2021-08-01,0.000293412
2021-08-02,0.00030000000000000003
2021-08-03,0.000281518
2021-08-04,0.00026187000000000004
2021-08-05,0.00030038800000000007
2021-08-06,0.00030000000000000003
2021-08-07,0.0005264880000000001
2021-08-08,0.00045574400000000006
2021-08-09,0.00035732600000000004
2021-08-10,0.000527394
2021-08-11,0.0006835480000000001
2021-08-12,0.0008859080000000001
2021-08-13,0.0004849760000000001
2021-08-14,0.0007475240000000001
2021-08-15,0.0009616119999999999
2021-08-16,0.0011338440000000002
2021-08-17,-3.9155000000000136e-05
2021-08-18,0.000256705
2021-08-19,0.00033340249999999996
2021-08-20,0.0011549975
2021-08-21,0.0013775475
2021-08-22,0.0010357575000000002
2021-08-23,0.001367825
2021-08-24,0.0009556219999999999
2021-08-25,0.00048479800000000004
2021-08-26,0.000533824
2021-08-27,0.00032056
2021-08-28,0.0007199540000000001
2021-08-29,0.000742358
2021-08-30,0.0008233680000000001
2021-08-31,0.0005441619999999998
2021-09-01,0.001123326
2021-09-02,0.001902222
2021-09-03,0.0014846220000000001
2021-09-04,0.0017392280000000002
2021-09-05,0.00169846
2021-09-06,0.0018617140000000004
2021-09-07,0.00013528200000000002
2021-09-08,0.00044686600000000003
2021-09-09,0.000354884
2021-09-10,0.00036656600000000003
2021-09-11,0.00030836400000000004
2021-09-12,0.00036916600000000004
2021-09-13,0.00034101600000000003
2021-09-14,0.00030000000000000003
2021-09-15,0.00040094400000000003
2021-09-16,0.00055867
2021-09-17,0.00048500200000000006
2021-09-18,0.000325518
2021-09-19,0.00030549000000000006
2021-09-20,0.000308248
2021-09-21,0.00030000000000000003
2021-09-22,0.000250548
2021-09-23,0.00021052800000000003
2021-09-24,9.860800000000002e-05
2021-09-25,0.000232744
2021-09-26,0.00021164600000000004
2021-09-27,0.000294576
2021-09-28,0.00019973000000000001
2021-09-29,0.00020373800000000002
2021-09-30,0.00023411400000000006
2021-10-01,0.00023236000000000003
2021-10-02,0.00026946800000000003
2021-10-03,0.00030000000000000003
2021-10-04,0.000309244
2021-10-05,0.000259166
2021-10-06,0.000477476
2021-10-07,0.0009569000000000001
2021-10-08,0.000809404
2021-10-09,0.00060433
2021-10-10,0.000888588
2021-10-11,0.000593482
2021-10-12,0.00030000000000000003
2021-10-13,0.00030000000000000003
2021-10-14,0.000582796
2021-10-15,0.0008439900000000001
2021-10-16,0.00129234
2021-10-17,0.001314562
2021-10-18,0.0007659020000000002
2021-10-19,0.0008230120000000001
2021-10-20,0.0010608940000000002
2021-10-21,0.0018369380000000002
2021-10-22,0.0008341620000000001
2021-10-23,0.0009381860000000001
2021-10-24,0.001491872
2021-10-25,0.001271782
2021-10-26,0.0013257060000000003
2021-10-27,0.00109642
2021-10-28,0.000258712
2021-10-29,0.00041841000000000003
2021-10-30,0.00077753
2021-10-31,0.000805662
2021-11-01,0.0008284360000000001
2021-11-02,0.000901578
2021-11-03,0.001446022
2021-11-04,0.0012075940000000002
2021-11-05,0.0008943880000000001
2021-11-06,0.0009065840000000002
2021-11-07,0.000739342
2021-11-08,0.0014554040000000002
2021-11-09,0.001076862
2021-11-10,0.001274474
2021-11-11,0.00042733000000000007
2021-11-12,0.000423432
2021-11-13,0.000433866
2021-11-14,0.00041830000000000003
2021-11-15,0.0007395640000000001
2021-11-16,0.000432896
2021-11-17,0.00030631
2021-11-18,0.00030247
2021-11-19,0.00030000000000000003
2021-11-20,0.00030609200000000005
2021-11-21,0.00033852200000000006
2021-11-22,0.000325944
2021-11-23,0.000355828
2021-11-24,0.0005264600000000001
2021-11-25,0.000564798
2021-11-26,0.00075328
2021-11-27,0.000301648
2021-11-28,0.00030000000000000003
2021-11-29,0.000321548
2021-11-30,0.000354024
2021-12-01,0.000361184
2021-12-02,0.000311902
2021-12-03,0.000342892
2021-12-04,-0.000347222
2021-12-05,0.000270038
2021-12-06,0.000260762
2021-12-07,0.000202828
2021-12-08,0.00024623200000000004
2021-12-09,0.000267012
2021-12-10,0.00023121400000000004
2021-12-11,0.00018369800000000002
2021-12-12,0.00020954600000000002
2021-12-13,0.00025637800000000003
2021-12-14,0.00017152000000000004
2021-12-15,0.000287418
2021-12-16,0.00028124000000000004
2021-12-17,0.000273072
2021-12-18,0.00028117400000000003
2021-12-19,0.000282866
2021-12-20,0.00030000000000000003
2021-12-21,0.00024226000000000003
2021-12-22,0.00015495600000000004
2021-12-23,-6.306000000000004e-05
2021-12-24,-0.0006234040000000001
2021-12-25,0.00019631000000000002
2021-12-26,0.00030000000000000003
2021-12-27,0.00030000000000000003
2021-12-28,0.00027296000000000004
2021-12-29,0.000283804
2021-12-30,0.00021138600000000004
2021-12-31,0.000239096
2022-01-01,0.000291642
2022-01-02,0.000249214
2022-01-03,0.00027890200000000003
2022-01-04,0.00030000000000000003
2022-01-05,0.00030000000000000003
2022-01-06,0.00025062
2022-01-07,0.000267612
2022-01-08,0.00030000000000000003
2022-01-09,0.00025337600000000004
2022-01-10,0.000173278
2022-01-11,0.00023401000000000002
2022-01-12,5.332400000000001e-05
2022-01-13,0.00018305600000000002
2022-01-14,0.000186946
2022-01-15,0.00026915
2022-01-16,0.000232172
2022-01-17,0.00021758600000000003
2022-01-18,0.00027345
2022-01-19,0.000232566
2022-01-20,0.00025264
2022-01-21,9.860400000000002e-05
2022-01-22,8.7596e-05
2022-01-23,-0.00016692800000000003
2022-01-24,2.4039999999999926e-06
2022-01-25,-0.0013942299999999998
2022-01-26,-8.244999999999996e-06
2022-01-27,-4.8404999999999995e-05
2022-01-28,0.00011868999999999999
2022-01-29,0.000119995
2022-01-30,0.000268475
2022-01-31,-0.00010358499999999999
2022-02-01,-0.00099195
2022-02-02,0.00024262
2022-02-03,-0.00013584
2022-02-04,7.971000000000001e-05
2022-02-05,0.00030000000000000003
2022-02-06,0.00026744000000000003
2022-02-07,0.00025642000000000004
2022-02-08,-0.0015599099999999999
2022-02-09,0.0001578975
2022-02-10,0.000152485
2022-02-11,6.983e-05
2022-02-12,0.00025931500000000003
2022-02-13,7.328e-05
2022-02-14,0.000129895
2022-02-15,-0.0004791
2022-02-16,0.00030000000000000003
2022-02-17,0.0002546066666666667
2022-02-18,1.5766666666666666e-05
2022-02-19,0.00012535666666666667
2022-02-20,-0.00010387333333333333
2022-02-21,-0.00012051999999999999
2022-02-22,-0.00156803
2022-02-23,1.6179999999999998e-05
2022-02-24,-0.00010813
2022-02-25,0.00030000000000000003
2022-02-26,0.00030000000000000003
2022-02-27,0.00020507000000000001
2022-02-28,-0.00018511
2022-03-01,-0.0016335759999999999
2022-03-02,0.00019607200000000002
2022-03-03,0.00015456000000000004
2022-03-04,0.00015572600000000002
2022-03-05,-3.411199999999999e-05
2022-03-06,2.3300000000000133e-06
2022-03-07,-0.00011732399999999999
2022-03-08,-0.0007727733333333332
2022-03-09,0.00022659333333333332
2022-03-10,0.00011362999999999998
2022-03-11,-2.15e-05
2022-03-12,0.00015963000000000001
2022-03-13,7.251666666666666e-05
2022-03-14,9.216000000000001e-05
2022-03-15,-0.00041244999999999997
2022-03-16,0.000259585
2022-03-17,0.00030000000000000003
2022-03-18,0.00025571999999999997
2022-03-19,0.00030000000000000003
2022-03-20,0.00030000000000000003
2022-03-21,0.00022376
2022-03-22,-0.00021078799999999995
2022-03-23,0.00017439000000000002
2022-03-24,0.000124508
2022-03-25,0.000270858
2022-03-26,0.000255214
2022-03-27,0.000196434
2022-03-28,0.00028777000000000007
2022-03-29,0.000295726
2022-03-30,0.00030000000000000003
2022-03-31,0.00030000000000000003
2022-04-01,0.00029363800000000004
2022-04-02,0.00030000000000000003
2022-04-03,0.00030000000000000003
2022-04-04,0.00028579200000000004
2022-04-05,0.00029594800000000003
2022-04-06,0.00022310400000000004
2022-04-07,9.442200000000001e-05
2022-04-08,0.00018362600000000005
2022-04-09,0.00018030599999999998
2022-04-10,0.00020010400000000005
2022-04-11,0.00020426800000000002
2022-04-12,-0.0017796200000000002
2022-04-13,0.00012778
2022-04-14,0.00029739
2022-04-15,0.00028196
2022-04-16,7.478000000000001e-05
2022-04-17,-3.1599999999999935e-06
2022-04-18,0.00016244
2022-04-19,-0.0017224660000000002
2022-04-20,0.000258394
2022-04-21,8.4938e-05
2022-04-22,-2.8611999999999996e-05
2022-04-23,4.2708000000000025e-05
2022-04-24,1.8282e-05
2022-04-25,-9.5654e-05
2022-04-26,0.00018694000000000002
2022-04-27,-0.00011396000000000001
2022-04-28,6.802800000000002e-05
2022-04-29,0.000226908
2022-04-30,4.746000000000001e-05
2022-05-01,-0.00016599200000000003
2022-05-02,1.3748000000000005e-05
2022-05-03,0.00020209800000000003
2022-05-04,0.00014384400000000001
2022-05-05,0.00026522400000000005
2022-05-06,-4.817e-05
2022-05-07,5.806600000000001e-05
2022-05-08,0.00010358400000000002
2022-05-09,7.366000000000024e-06
2022-05-10,-0.001160345
2022-05-11,0.00018122
2022-05-12,-0.001011875
2022-05-13,-0.00014772
2022-05-14,0.000255185
2022-05-15,0.000258235
2022-05-16,0.000217445
2022-05-17,-0.0010600499999999999
2022-05-18,-9.816000000000001e-05
2022-05-19,0.00012748
2022-05-20,0.00030000000000000003
2022-05-21,2.0099999999999994e-06
2022-05-22,9.347e-05
2022-05-23,0.00030000000000000003
2022-05-24,-0.0012
2022-05-25,0.0
2022-05-26,0.0
2022-05-27,0.0
2022-05-28,0.0
2022-05-29,0.0
2022-05-30,0.0
2022-05-31,-0.0009559439999999998
2022-06-01,0.00022270600000000003
2022-06-02,-8.245999999999999e-05
2022-06-03,3.0461999999999994e-05
2022-06-04,3.108600000000001e-05
2022-06-05,-2.8238e-05
2022-06-06,0.00019845200000000003
2022-06-07,-0.00183915
2022-06-08,0.00027041
2022-06-09,0.00025421
2022-06-10,9.154000000000001e-05
2022-06-11,-0.0004139
2022-06-12,-0.00022766
2022-06-13,-3.7840000000000004e-05
2022-06-14,-0.0012
2022-06-15,0.0
2022-06-16,0.0
2022-06-17,0.0
2022-06-18,0.0
2022-06-19,0.0
2022-06-20,0.0
2022-06-21,-0.0009953599999999998
2022-06-22,-0.000147345
2022-06-23,-0.0002530225
2022-06-24,0.00020489500000000002
2022-06-25,0.00014592
2022-06-26,0.00014780000000000001
2022-06-27,6.552500000000002e-06
2022-06-28,-0.00175183
2022-06-29,6.047e-05
2022-06-30,-0.00024991
2022-07-01,-0.00018238
2022-07-02,-9.255e-05
2022-07-03,8.09999999999998e-06
2022-07-04,5.999999999999997e-06
2022-07-05,-0.0010886199999999998
2022-07-06,0.00026373
2022-07-07,0.000260825
2022-07-08,0.000228585
2022-07-09,0.00018575999999999998
2022-07-10,0.00025555
2022-07-11,0.00015733
2022-07-12,-0.00102897
2022-07-13,-1.8049999999999998e-05
2022-07-14,0.00013508000000000001
2022-07-15,0.00012259
2022-07-16,0.00014851
2022-07-17,0.00026747
2022-07-18,0.00030000000000000003
2022-07-19,-0.0016857899999999997
2022-07-20,0.000189254
2022-07-21,0.00018715400000000003
2022-07-22,0.00021405
2022-07-23,0.000132658
2022-07-24,0.00023250400000000002
2022-07-25,6.620799999999999e-05
2022-07-26,-0.00030136
2022-07-27,8.091749999999999e-05
2022-07-28,0.00029807250000000004
2022-07-29,0.00030000000000000003
2022-07-30,0.0002876225
2022-07-31,0.00026560000000000006
2022-08-01,0.00025944250000000004
2022-08-02,0.00016344
2022-08-03,3.041750000000002e-05
2022-08-04,7.59175e-05
2022-08-05,0.00021242
2022-08-06,0.0002886925
2022-08-07,0.0001924825
2022-08-08,0.00023566250000000002
2022-08-09,-0.00040026749999999995
2022-08-10,-5.7625000000000005e-05
2022-08-11,0.00026835750000000005
2022-08-12,0.00022895
2022-08-13,0.00022636000000000002
2022-08-14,0.00021674999999999998
2022-08-15,9.125000000000019e-06
2022-08-16,-0.00038606799999999994
2022-08-17,0.00015425800000000003
2022-08-18,5.2693999999999994e-05
2022-08-19,-0.00029966400000000005
2022-08-20,-0.000244552
2022-08-21,-0.000359736
2022-08-22,-0.00027206
2022-08-23,-0.00185569
2022-08-24,-1.2699999999999992e-05
2022-08-25,-0.000242
2022-08-26,-0.00051361
2022-08-27,-0.0011067199999999998
2022-08-28,-0.00093328
2022-08-29,-0.0007524000000000001
2022-08-30,-0.0012
2022-08-31,0.0
2022-09-01,0.0
2022-09-02,0.0
2022-09-03,0.0
2022-09-04,0.0
2022-09-05,0.0
2022-09-06,-0.0010017474999999998
2022-09-07,-0.00026033999999999996
2022-09-08,0.0001163075
2022-09-09,0.00023363000000000002
2022-09-10,0.0002773525
2022-09-11,0.000206305
2022-09-12,0.00020352
2022-09-13,-0.0004224766666666666
2022-09-14,-0.00029728333333333334
2022-09-15,-4.929666666666666e-05
2022-09-16,7.555e-05
2022-09-17,3.770333333333332e-05
2022-09-18,0.00016289
2022-09-19,-0.00013252333333333333
2022-09-20,-0.00064076
2022-09-21,3.351e-05
2022-09-22,-0.00016613
2022-09-23,7.524e-05
2022-09-24,0.00019984
2022-09-25,0.00018622500000000001
2022-09-26,0.00013445999999999998
2022-09-27,-0.00101473
2022-09-28,-0.00013787750000000002
2022-09-29,0.00017032750000000002
2022-09-30,0.000239255
2022-10-01,0.00016083000000000002
2022-10-02,4.1475000000000005e-06
2022-10-03,0.00013891
2022-10-04,0.00020409750000000002
2022-10-05,0.0001260225
2022-10-06,0.00015769
2022-10-07,8.614750000000001e-05
2022-10-08,0.00021775
2022-10-09,5.1525e-05
2022-10-10,0.00020283750000000002
2022-10-11,-0.00040559249999999993
2022-10-12,0.000131685
2022-10-13,-5.1340000000000007e-05
2022-10-14,0.0001246275
2022-10-15,9.13e-06
2022-10-16,-3.2872499999999994e-05
2022-10-17,4.91225e-05
2022-10-18,0.00020797000000000003
2022-10-19,0.00021955
2022-10-20,0.000148815
2022-10-21,-1.44475e-05
2022-10-22,-0.00011278249999999999
2022-10-23,0.00014565500000000001
2022-10-24,0.00017124249999999998
2022-10-25,-0.001088255
2022-10-26,0.000174615
2022-10-27,0.000122095
2022-10-28,3.3354999999999995e-05
2022-10-29,0.00020722
2022-10-30,0.00016427
2022-10-31,0.000152915
2022-11-01,-0.0015649166666666667
2022-11-02,-6.728333333333333e-05
2022-11-03,-5.881666666666666e-05
2022-11-04,0.00010939333333333332
2022-11-05,0.00025628
2022-11-06,0.00025895
2022-11-07,0.00025056666666666667
2022-11-08,-0.0014482700000000002
2022-11-09,-0.00039555
2022-11-10,-0.00254958
2022-11-11,-0.00032531
2022-11-12,9.415e-05
2022-11-13,-4.2080000000000004e-05
2022-11-14,-0.00012586000000000002
2022-11-15,-0.00219353
2022-11-16,0.00019887000000000003
2022-11-17,0.00023275
2022-11-18,0.00016803
2022-11-19,-4.025e-05
2022-11-20,0.00012765
2022-11-21,0.00014244
2022-11-22,-0.0010729449999999998
2022-11-23,0.00022508
2022-11-24,0.00017881
2022-11-25,0.00016128000000000003
2022-11-26,0.00016830500000000002
2022-11-27,8.8925e-05
2022-11-28,4.11e-05
2022-11-29,-0.001027575
2022-11-30,0.00019442749999999998
2022-12-01,0.00014691250000000003
2022-12-02,0.00013521250000000001
2022-12-03,9.819000000000001e-05
2022-12-04,8.00075e-05
2022-12-05,0.00010255750000000001
2022-12-06,-0.00045354749999999995
2022-12-07,0.0001110475
2022-12-08,-4.396750000000001e-05
2022-12-09,0.00013295
2022-12-10,1.4730000000000003e-05
2022-12-11,1.3620000000000002e-05
2022-12-12,-0.0001459575
2022-12-13,-0.0004257033333333333
2022-12-14,0.00030000000000000003
2022-12-15,0.0002839333333333333
2022-12-16,0.00013616333333333334
2022-12-17,-0.00020712333333333335
2022-12-18,-0.0002627333333333333
2022-12-19,-0.0003019766666666666
2022-12-20,-0.00064289
2022-12-21,0.00019434
2022-12-22,0.00022453
2022-12-23,0.000228215
2022-12-24,0.00019132
2022-12-25,3.218e-05
2022-12-26,5.8525e-05
2022-12-27,-0.0006452300000000001
2022-12-28,0.0001241733333333333
2022-12-29,-5.5683333333333336e-05
2022-12-30,1.2933333333333639e-06
2022-12-31,-4.784666666666667e-05
2023-01-01,4.607999999999999e-05
2023-01-02,-5.8419999999999986e-05
2023-01-03,0.00011910333333333334
2023-01-04,0.00021049666666666665
2023-01-05,0.00019888333333333333
2023-01-06,0.00023479333333333333
2023-01-07,0.00015096
2023-01-08,9.597333333333333e-05
2023-01-09,8.578333333333335e-05
2023-01-10,-0.0007402319999999997
2023-01-11,0.00014237400000000002
2023-01-12,0.000185554
2023-01-13,0.00011049000000000002
2023-01-14,0.000637546
2023-01-15,0.0004810860000000001
2023-01-16,0.000391572
2023-01-17,0.00030458600000000003
2023-01-18,0.00030000000000000003
2023-01-19,0.00030000000000000003
2023-01-20,0.00027466000000000003
2023-01-21,0.0003279260000000001
2023-01-22,0.00030000000000000003
2023-01-23,0.000300712
2023-01-24,-5.32116666666667e-05
2023-01-25,0.00021987833333333333
2023-01-26,0.00025
2023-01-27,0.000249235
2023-01-28,0.00025507666666666666
2023-01-29,0.00025
2023-01-30,0.0003208283333333334
2023-01-31,-0.00010165599999999999
2023-02-01,0.00030000000000000003
2023-02-02,0.00034125400000000004
2023-02-03,0.00028715800000000003
2023-02-04,0.000312778
2023-02-05,0.00020407800000000006
2023-02-06,0.00026475800000000003
2023-02-07,0.00024355000000000004
2023-02-08,0.00027793800000000003
2023-02-09,0.00024218200000000007
2023-02-10,0.00012913400000000001
2023-02-11,4.018000000000001e-06
2023-02-12,-0.000128022
2023-02-13,-1.535800000000001e-05
2023-02-14,-0.0002841075
2023-02-15,0.00020281500000000002
2023-02-16,0.000274935
2023-02-17,0.0002984575
2023-02-18,0.00030000000000000003
2023-02-19,0.00030000000000000003
2023-02-20,0.00027542250000000006
2023-02-21,-0.0001679919999999999
2023-02-22,0.00030000000000000003
2023-02-23,0.000256824
2023-02-24,0.00024793
2023-02-25,0.00017352600000000002
2023-02-26,8.277400000000002e-05
2023-02-27,0.00023184600000000002
2023-02-28,0.00021094
2023-03-01,0.000200494
2023-03-02,0.00022200400000000004
2023-03-03,0.000111646
2023-03-04,0.000175624
2023-03-05,0.000176748
2023-03-06,0.000131608
2023-03-07,-0.00080492
2023-03-08,0.00021421
2023-03-09,0.00026775333333333334
2023-03-10,-2.8766666666666663e-05
2023-03-11,-2.6389999999999996e-05
2023-03-12,3.0856666666666686e-05
2023-03-13,0.00020488333333333337
2023-03-14,-0.0006328679999999999
2023-03-15,0.000389102
2023-03-16,0.00018226400000000002
2023-03-17,9.5084e-05
2023-03-18,0.000335162
2023-03-19,0.00030000000000000003
2023-03-20,0.000292088
2023-03-21,-0.0002814149999999999
2023-03-22,0.00018417500000000002
2023-03-23,9.900500000000002e-05
2023-03-24,0.000266065
2023-03-25,1.2895000000000004e-05
2023-03-26,6.782499999999998e-06
2023-03-27,8.017000000000001e-05
2023-03-28,-0.00045968999999999996
2023-03-29,0.0002483025
2023-03-30,0.000177515
2023-03-31,0.00020789749999999997
2023-04-01,0.00023113000000000005
2023-04-02,0.00010613
2023-04-03,9.226500000000001e-05
2023-04-04,-0.0010081233333333332
2023-04-05,0.00026253666666666665
2023-04-06,0.00015386666666666668
2023-04-07,6.016333333333333e-05
2023-04-08,0.00019661
2023-04-09,0.00010192666666666665
2023-04-10,0.00013054333333333332
2023-04-11,-0.0007175859999999998
2023-04-12,0.00022315600000000002
2023-04-13,0.00017254
2023-04-14,0.00026661400000000003
2023-04-15,0.00026696
2023-04-16,0.00032543800000000005
2023-04-17,0.00039218600000000004
2023-04-18,-0.00017822600000000008
2023-04-19,0.000118436
2023-04-20,0.00012225200000000002
2023-04-21,9.975600000000001e-05
2023-04-22,-0.000177372
2023-04-23,-0.00025520800000000004
2023-04-24,-0.00027510600000000006
2023-04-25,-0.001245773333333333
2023-04-26,0.00019841666666666667
2023-04-27,0.0001579
2023-04-28,0.00025678333333333333
2023-04-29,0.00018342666666666666
2023-04-30,0.00016388999999999998
2023-05-01,-1.5796666666666667e-05
2023-05-02,-0.00043586749999999995
2023-05-03,8.40875e-05
2023-05-04,0.00025015750000000005
2023-05-05,0.00025280500000000004
2023-05-06,0.000183305
2023-05-07,0.0001358225
2023-05-08,7.065999999999999e-05
2023-05-09,-0.00045265999999999997
2023-05-10,8.590333333333331e-05
2023-05-11,0.00012335999999999998
2023-05-12,0.00012614666666666666
2023-05-13,0.00015316666666666666
2023-05-14,0.00015698333333333335
2023-05-15,8.108666666666666e-05
2023-05-16,-0.00041649749999999995
2023-05-17,0.0002080675
2023-05-18,0.0002371075
2023-05-19,0.000133915
2023-05-20,3.3534999999999997e-05
2023-05-21,0.0001123175
2023-05-22,0.0001632825
2023-05-23,-0.00023522399999999991
2023-05-24,0.00022230000000000004
2023-05-25,0.000149652
2023-05-26,0.00023680600000000002
2023-05-27,0.00023297600000000003
2023-05-28,0.00023327600000000003
2023-05-29,0.00030000000000000003
2023-05-30,-0.000176972
2023-05-31,0.000206718
2023-06-01,0.00022410800000000004
2023-06-02,0.00020180000000000003
2023-06-03,0.000244346
2023-06-04,0.000249696
2023-06-05,0.00022046400000000002
2023-06-06,-0.0009051066666666666
2023-06-07,0.00022753666666666664
2023-06-08,0.00022344000000000002
2023-06-09,0.00023560333333333335
2023-06-10,-0.00023854666666666666
2023-06-11,-0.0005035533333333333
2023-06-12,-1.8039999999999997e-05
2023-06-13,-0.0006564133333333334
2023-06-14,1.4486666666666658e-05
2023-06-15,-6.379333333333332e-05
2023-06-16,-0.00015002666666666668
2023-06-17,-4.586e-05
2023-06-18,-5.753666666666667e-05
2023-06-19,3.857e-05
2023-06-20,-0.0007757650000000001
2023-06-21,0.00014814
2023-06-22,0.00029618000000000005
2023-06-23,0.00027144
2023-06-24,0.00026707
2023-06-25,0.00030000000000000003
2023-06-26,0.000270955
2023-06-27,-0.0012855479999999999
2023-06-28,0.00015183400000000002
2023-06-29,5.2304000000000006e-05
2023-06-30,0.000184294
2023-07-01,0.000268004
2023-07-02,0.00032240000000000003
2023-07-03,0.000315606
2023-07-04,-0.00018734600000000002
2023-07-05,0.00024170600000000003
2023-07-06,0.000139676
2023-07-07,3.282600000000001e-05
2023-07-08,8.522000000000004e-06
2023-07-09,8.8516e-05
2023-07-10,0.00010788
2023-07-11,-0.00025616499999999993
2023-07-12,0.00023363000000000002
2023-07-13,-3.838000000000001e-05
2023-07-14,0.000383215
2023-07-15,0.0001886225
2023-07-16,9.747250000000001e-05
2023-07-17,0.00010626000000000002
2023-07-18,-0.00022929399999999995
2023-07-19,0.00027722600000000005
2023-07-20,0.000228574
2023-07-21,0.000147434
2023-07-22,0.00016228800000000002
2023-07-23,0.00021535600000000004
2023-07-24,0.00023065800000000004
2023-07-25,-0.00027807800000000007
2023-07-26,0.00020000400000000002
2023-07-27,0.000175826
2023-07-28,0.000216156
2023-07-29,0.00022706400000000002
2023-07-30,0.00023589200000000002
2023-07-31,0.00020444200000000005
2023-08-01,-0.00024745400000000003
2023-08-02,0.00025246800000000005
2023-08-03,0.00021316000000000005
2023-08-04,0.00015590200000000003
2023-08-05,0.0002476840000000001
2023-08-06,0.00023584200000000002
2023-08-07,0.00028840600000000006
2023-08-08,0.00024681800000000005
2023-08-09,0.0002004
2023-08-10,0.00028893800000000003
2023-08-11,0.00024142200000000003
2023-08-12,0.000271516
2023-08-13,0.00022809
2023-08-14,0.000272542
2023-08-15,0.00025156800000000003
2023-08-16,0.00015474200000000003
2023-08-17,0.00010707800000000002
2023-08-18,-0.000145298
2023-08-19,-0.00019215
2023-08-20,-0.000139102
2023-08-21,-1.9047999999999994e-05
2023-08-22,-0.0009069566666666665
2023-08-23,-0.00012772
2023-08-24,-2.5126666666666664e-05
2023-08-25,-2.0066666666666662e-05
2023-08-26,-0.0002770133333333333
2023-08-27,-0.00024003999999999999
2023-08-28,-8.666666666666595e-07
2023-08-29,-0.0014518200000000002
2023-08-30,7.281e-05
2023-08-31,9.353000000000001e-05
2023-09-01,-0.00019217
2023-09-02,3.067999999999999e-05
2023-09-03,-0.00032828
2023-09-04,-0.00016954
2023-09-05,-0.0016742225
2023-09-06,6.15925e-05
2023-09-07,0.0002015475
2023-09-08,2.6345000000000003e-05
2023-09-09,3.465250000000001e-05
2023-09-10,-1.6659999999999986e-05
2023-09-11,-1.3340000000000004e-05
2023-09-12,-0.00112897
2023-09-13,0.000112525
2023-09-14,-9.460000000000001e-06
2023-09-15,7.4565e-05
2023-09-16,-2.5645000000000003e-05
2023-09-17,-0.00010114
2023-09-18,-0.00011540999999999998
2023-09-19,-0.0014626066666666667
2023-09-20,4.135666666666667e-05
2023-09-21,-0.00014668333333333334
2023-09-22,0.00018631333333333334
2023-09-23,0.00016066
2023-09-24,0.00018072666666666667
2023-09-25,0.00015646666666666666
2023-09-26,-0.0008455739999999999
2023-09-27,0.00014752800000000001
2023-09-28,0.000125854
2023-09-29,9.8648e-05
2023-09-30,0.000116866
2023-10-01,0.00014920200000000003
2023-10-02,0.000123744
2023-10-03,-0.0003154624999999999
2023-10-04,0.00013720000000000003
2023-10-05,5.0225e-05
2023-10-06,0.0001516825
2023-10-07,0.0001595675
2023-10-08,0.00021701
2023-10-09,9.25225e-05
2023-10-10,-0.00040824666666666666
2023-10-11,0.00019681666666666666
2023-10-12,0.00020336
2023-10-13,0.00011394333333333332
2023-10-14,4.148999999999999e-05
2023-10-15,0.00011273666666666664
2023-10-16,0.0001149
2023-10-17,-0.0014323200000000002
2023-10-18,0.00011022
2023-10-19,3.4836666666666665e-05
2023-10-20,0.00017772333333333334
2023-10-21,0.00013599
2023-10-22,0.00021464999999999999
2023-10-23,0.00025183333333333335
2023-10-24,-0.0008831816666666666
2023-10-25,0.00032611833333333334
2023-10-26,0.000345185
2023-10-27,0.00032617333333333334
2023-10-28,0.000268195
2023-10-29,0.00027511
2023-10-30,0.00030606333333333335
2023-10-31,-7.832600000000004e-05
2023-11-01,0.000266536
2023-11-02,0.000504054
2023-11-03,0.00035291
2023-11-04,0.00033622000000000003
2023-11-05,0.000332646
2023-11-06,0.000352684
2023-11-07,8.77666666666664e-06
2023-11-08,0.0003860716666666667
2023-11-09,0.0005655416666666666
2023-11-10,0.0004774499999999999
2023-11-11,0.0005596733333333334
2023-11-12,0.0005684583333333334
2023-11-13,0.0007071283333333333
2023-11-14,0.0001622420000000001
2023-11-15,0.000367394
2023-11-16,0.000467946
2023-11-17,0.000262422
2023-11-18,0.000280008
2023-11-19,0.000264718
2023-11-20,0.00032644
2023-11-21,-2.3683333333333304e-05
2023-11-22,0.0002901066666666667
2023-11-23,0.00028338666666666664
2023-11-24,0.0002868633333333333
2023-11-25,0.00031716833333333337
2023-11-26,0.00028708833333333333
2023-11-27,0.00031009
2023-11-28,0.0003061166666666667
2023-11-29,0.0003269716666666667
2023-11-30,0.0003533133333333334
2023-12-01,0.00033491166666666666
2023-12-02,0.00037703
2023-12-03,0.00051247
2023-12-04,0.0005160949999999999
2023-12-05,-9.16e-05
2023-12-06,0.0005674160000000001
2023-12-07,0.00045012200000000007
2023-12-08,0.0007887880000000001
2023-12-09,0.0007794979999999999
2023-12-10,0.000691176
2023-12-11,0.0004203100000000001
2023-12-12,0.000351262
2023-12-13,0.00037481799999999996
2023-12-14,0.000329608
2023-12-15,0.00041523000000000005
2023-12-16,0.000331826
2023-12-17,0.00034446600000000003
2023-12-18,0.00033086400000000005
2023-12-19,0.00030066000000000007
2023-12-20,0.00043917000000000007
2023-12-21,0.0006600340000000001
2023-12-22,0.0010319840000000001
2023-12-23,0.000525424
2023-12-24,0.00072338
2023-12-25,0.0008665680000000001
2023-12-26,0.001069652
2023-12-27,0.001133064
2023-12-28,0.0016348620000000002
2023-12-29,0.001351212
2023-12-30,0.0009038860000000001
2023-12-31,0.000958404
2024-01-01,0.000870218
2024-01-02,0.0017329020000000001
2024-01-03,0.000615956
2024-01-04,0.00030000000000000003
2024-01-05,0.00030000000000000003
2024-01-06,0.00030000000000000003
2024-01-07,0.00030000000000000003
2024-01-08,0.00030000000000000003
2024-01-09,0.00030000000000000003
2024-01-10,0.00030000000000000003
2024-01-11,0.00030000000000000003
2024-01-12,0.00030000000000000003
2024-01-13,0.00030000000000000003
2024-01-14,0.00030000000000000003
2024-01-15,0.00030000000000000003
2024-01-16,0.00030000000000000003
2024-01-17,0.00030000000000000003
2024-01-18,0.00030000000000000003
2024-01-19,0.00030000000000000003
2024-01-20,0.00030000000000000003
2024-01-21,0.00030000000000000003
2024-01-22,0.00030000000000000003
2024-01-23,0.00030000000000000003
2024-01-24,0.00030000000000000003
2024-01-25,0.00030000000000000003
2024-01-26,0.00029599800000000006
2024-01-27,0.000288286
2024-01-28,0.00025430600000000004
2024-01-29,0.000286142
2024-01-30,0.000270338
2024-01-31,0.000259214
2024-02-01,0.000271998
2024-02-02,0.000287356
2024-02-03,0.000274098
2024-02-04,0.00027885400000000004
2024-02-05,0.00030000000000000003
2024-02-06,0.00027404400000000003
2024-02-07,0.000256114
2024-02-08,0.0002729
2024-02-09,0.000261714
2024-02-10,0.000290978
2024-02-11,0.000289584
2024-02-12,0.000290094
2024-02-13,0.00032769600000000004
2024-02-14,0.00041278
2024-02-15,0.0005042500000000001
2024-02-16,0.0005893840000000001
2024-02-17,0.0006033660000000001
2024-02-18,0.000604222
2024-02-19,0.000621758
2024-02-20,0.000450386
2024-02-21,0.00027644000000000003
2024-02-22,-0.00010634399999999994
2024-02-23,0.00018768000000000002
2024-02-24,0.00016032200000000007
2024-02-25,0.0002779960000000001
2024-02-26,0.0008640420000000001
2024-02-27,0.001055668
2024-02-28,0.001328174
2024-02-29,0.0022701520000000005
2024-03-01,0.001676524
2024-03-02,0.0020559000000000003
2024-03-03,0.001607194
2024-03-04,0.001727296
2024-03-05,0.002495676
2024-03-06,0.0008703980000000001
2024-03-07,0.001282984
2024-03-08,0.0015675980000000001
2024-03-09,0.001265246
2024-03-10,0.0015513040000000003
2024-03-11,0.0017331120000000002
2024-03-12,0.00178876
2024-03-13,0.001661654
2024-03-14,0.001463892
2024-03-15,0.00094487
2024-03-16,0.0006233820000000001
2024-03-17,0.000503216
2024-03-18,0.000658398
2024-03-19,0.00012190799999999989
2024-03-20,0.0004326
2024-03-21,0.00041422000000000003
2024-03-22,0.0004419160000000001
2024-03-23,0.000405972
2024-03-24,0.00051163
2024-03-25,0.000616564
2024-03-26,0.0008579039999999999
2024-03-27,0.000991474
2024-03-28,0.0010965920000000002
2024-03-29,0.001086916
2024-03-30,0.0008741680000000001
2024-03-31,0.000969814
2024-04-01,0.001004746
2024-04-02,-8.454000000000024e-06
2024-04-03,0.000378492
2024-04-04,0.00034043600000000006
2024-04-05,5.4680000000000025e-05
2024-04-06,3.0192000000000012e-05
2024-04-07,-4.574199999999999e-05
2024-04-08,0.00029927400000000004
2024-04-09,3.4887999999999955e-05
2024-04-10,0.0005085640000000001
2024-04-11,0.000507506
2024-04-12,0.000515002
2024-04-13,0.00030000000000000003
2024-04-14,0.000258924
2024-04-15,0.00020915200000000002
2024-04-16,0.00013639200000000002
2024-04-17,8.986000000000001e-05
2024-04-18,0.00017322
2024-04-19,0.000129042
2024-04-20,9.531600000000001e-05
2024-04-21,0.00011307800000000002
2024-04-22,0.00011668800000000002
2024-04-23,-0.0003812024999999999
2024-04-24,0.000133445
2024-04-25,0.0001425025
2024-04-26,0.00010774999999999999
2024-04-27,0.0002090075
2024-04-28,8.41125e-05
2024-04-29,0.00012516000000000003
2024-04-30,-0.0002720619999999999
2024-05-01,0.00019239000000000005
2024-05-02,0.00019073400000000002
2024-05-03,0.000113894
2024-05-04,9.516400000000001e-05
2024-05-05,0.00018253400000000004
2024-05-06,0.000199874
2024-05-07,0.000147538
2024-05-08,0.00019799600000000003
2024-05-09,0.00022176600000000003
2024-05-10,0.00021063600000000005
2024-05-11,0.000198102
2024-05-12,0.00015079999999999998
2024-05-13,0.000176958
2024-05-14,0.00021292800000000003
2024-05-15,0.00016139000000000003
2024-05-16,0.000243856
2024-05-17,0.000192018
2024-05-18,0.00015969600000000002
2024-05-19,0.00019325600000000002
2024-05-20,0.000182614
2024-05-21,0.00031984200000000003
2024-05-22,0.00032680000000000003
2024-05-23,0.00030000000000000003
2024-05-24,0.00030000000000000003
2024-05-25,0.00030000000000000003
2024-05-26,0.00030000000000000003
2024-05-27,0.00030371600000000004
2024-05-28,0.000336466
2024-05-29,0.00039857400000000006
2024-05-30,0.00037652000000000003
2024-05-31,0.000321558
2024-06-01,0.00043466800000000003
2024-06-02,0.00038896800000000006
2024-06-03,0.00040456600000000003
2024-06-04,-0.0005782000000000002
2024-06-05,0.0004899625
2024-06-06,0.00047359249999999996
2024-06-07,0.00031048
2024-06-08,0.00022500000000000002
2024-06-09,0.00022500000000000002
2024-06-10,0.00022500000000000002
2024-06-11,-0.0006600000000000001
2024-06-12,0.00030000000000000003
2024-06-13,0.00030000000000000003
2024-06-14,0.00029634800000000004
2024-06-15,0.000279526
2024-06-16,0.00028638400000000004
2024-06-17,0.00028603200000000003
2024-06-18,-0.00026305249999999996
2024-06-19,0.00020344999999999999
2024-06-20,0.00015275249999999998
2024-06-21,0.00012089750000000003
2024-06-22,0.00019523499999999998
2024-06-23,0.0001634825
2024-06-24,0.00020300499999999997
2024-06-25,-0.00024528599999999994
2024-06-26,0.00029585600000000005
2024-06-27,0.00029183800000000005
2024-06-28,0.00029598600000000004
2024-06-29,0.00030000000000000003
2024-06-30,0.000252038
2024-07-01,0.00028619800000000004
2024-07-02,0.00027712000000000006
2024-07-03,0.00030000000000000003
2024-07-04,0.00026547800000000004
2024-07-05,-3.831999999999993e-06
2024-07-06,8.6886e-05
2024-07-07,0.00020561
2024-07-08,0.000154258
2024-07-09,0.00017104200000000002
2024-07-10,0.000239992
2024-07-11,0.000212188
2024-07-12,0.000208912
2024-07-13,0.00020318000000000004
2024-07-14,0.00022596400000000002
2024-07-15,0.00011086600000000002
2024-07-16,0.00018557400000000004
2024-07-17,0.00019658800000000004
2024-07-18,0.00020797000000000003
2024-07-19,0.00020298200000000004
2024-07-20,0.000171492
2024-07-21,0.00017995600000000002
2024-07-22,0.000220136
2024-07-23,-0.00023670999999999995
2024-07-24,0.00026167750000000004
2024-07-25,0.000214105
2024-07-26,0.00011161749999999999
2024-07-27,0.000207015
2024-07-28,0.0002727325
2024-07-29,0.00024470000000000004
2024-07-30,-0.00024208599999999992
2024-07-31,0.00022125
2024-08-01,0.000199166
2024-08-02,0.00020056
2024-08-03,0.00015329400000000003
2024-08-04,0.00011339000000000001
2024-08-05,3.7138e-05
2024-08-06,-0.0009265166666666666
2024-08-07,-2.7186666666666665e-05
2024-08-08,8.614666666666667e-05
2024-08-09,0.00013932666666666664
2024-08-10,-3.123333333333334e-05
2024-08-11,4.874333333333334e-05
2024-08-12,9.551333333333334e-05
2024-08-13,-0.0005234249999999999
2024-08-14,1.9769999999999995e-05
2024-08-15,3.8799999999999994e-05
2024-08-16,-0.00011370749999999998
2024-08-17,6.133500000000001e-05
2024-08-18,6.347500000000001e-05
2024-08-19,2.2302500000000002e-05
2024-08-20,-0.00048423749999999995
2024-08-21,5.5725e-05
2024-08-22,0.0001042925
2024-08-23,0.0001104825
2024-08-24,8.475750000000001e-05
2024-08-25,5.484250000000001e-05
2024-08-26,9.88575e-05
2024-08-27,-0.0004268799999999999
2024-08-28,-5.682500000000002e-06
2024-08-29,-2.5577499999999997e-05
2024-08-30,9.015250000000001e-05
2024-08-31,0.0001125975
2024-09-01,5.8005e-05
2024-09-02,-1.34925e-05
2024-09-03,-0.00047568249999999996
2024-09-04,0.0001045825
2024-09-05,9.713000000000001e-05
2024-09-06,6.797e-05
2024-09-07,-8.220500000000002e-05
2024-09-08,0.00010104
2024-09-09,-3.47575e-05
2024-09-10,-0.00108245
2024-09-11,4.837e-05
2024-09-12,6.3835e-05
2024-09-13,9.063e-05
2024-09-14,4.5942499999999996e-05
2024-09-15,4.72275e-05
2024-09-16,-4.75075e-05
2024-09-17,-0.0010465074999999999
2024-09-18,4.7254999999999994e-05
2024-09-19,0.0001770875
2024-09-20,0.00025709750000000003
2024-09-21,0.00022757000000000002
2024-09-22,0.00021316499999999997
2024-09-23,0.0001280375
2024-09-24,-0.0007938920000000001
2024-09-25,0.00019064400000000004
2024-09-26,0.0001984
2024-09-27,0.00020721
2024-09-28,0.00023455000000000004
2024-09-29,0.00021653600000000003
2024-09-30,0.000229562
2024-10-01,-0.00019482600000000005
2024-10-02,0.00021126400000000004
2024-10-03,8.702800000000001e-05
2024-10-04,5.029e-05
2024-10-05,0.00014009200000000003
2024-10-06,0.00020369800000000001
2024-10-07,0.00015457
2024-10-08,0.000199888
2024-10-09,0.00016605
2024-10-10,0.00018070200000000003
2024-10-11,0.00011931800000000001
2024-10-12,0.00018292600000000003
2024-10-13,0.000156948
2024-10-14,0.00022626800000000004
2024-10-15,0.00030000000000000003
2024-10-16,0.00027152000000000003
2024-10-17,0.00027985600000000004
2024-10-18,0.00028188200000000006
2024-10-19,0.00027290400000000003
2024-10-20,0.00028382600000000004
2024-10-21,0.00030000000000000003
2024-10-22,0.00029973600000000005
2024-10-23,0.00030000000000000003
2024-10-24,0.000299702
2024-10-25,0.00028632000000000006
2024-10-26,0.00018476600000000003
2024-10-27,0.00023634400000000004
2024-10-28,0.00026323800000000006
2024-10-29,0.00030000000000000003
2024-10-30,0.00030000000000000003
2024-10-31,0.00030000000000000003
2024-11-01,0.00030000000000000003
2024-11-02,0.0002862
2024-11-03,0.00025862400000000005
2024-11-04,0.00025000600000000005
2024-11-05,0.00025445400000000004
2024-11-06,0.000275238
2024-11-07,0.00030977
2024-11-08,0.00030000000000000003
2024-11-09,0.00030000000000000003
2024-11-10,0.000588284
2024-11-11,0.000550996
2024-11-12,0.001317016
2024-11-13,0.0005482620000000001
2024-11-14,0.000392776
2024-11-15,0.00032117600000000006
2024-11-16,0.00040343800000000005
2024-11-17,0.000496786
2024-11-18,0.0006173680000000001
2024-11-19,0.000638464
2024-11-20,0.000411058
2024-11-21,0.000320292
2024-11-22,0.0007076620000000002
2024-11-23,0.0006331920000000001
2024-11-24,0.000640518
2024-11-25,0.00050786
2024-11-26,4.721166666666666e-05
2024-11-27,0.00043355000000000005
2024-11-28,0.0004988583333333333
2024-11-29,0.0005621333333333333
2024-11-30,0.0004851416666666666
2024-12-01,0.00046573000000000003
2024-12-02,0.0008779133333333333
2024-12-03,0.00047498400000000007
2024-12-04,0.0006828580000000001
2024-12-05,0.0013275379999999999
2024-12-06,0.000738144
2024-12-07,0.001025352
2024-12-08,0.0006790640000000001
2024-12-09,0.000493864
2024-12-10,-0.00018000000000000004
2024-12-11,0.000267012
2024-12-12,0.00030000000000000003
2024-12-13,0.00029884400000000004
2024-12-14,0.00029350000000000003
2024-12-15,0.000273584
2024-12-16,0.00024260400000000002
2024-12-17,-0.00019680000000000007
2024-12-18,0.00022369200000000003
2024-12-19,0.00011944200000000001
2024-12-20,0.00020643200000000005
2024-12-21,0.00018924000000000002
2024-12-22,0.00022999800000000003
2024-12-23,0.000171112
2024-12-24,-0.0002028049999999999
2024-12-25,0.00021227000000000003
2024-12-26,0.0001778275
2024-12-27,0.00021105250000000002
2024-12-28,0.00027552750000000003
2024-12-29,0.0002691325
2024-12-30,0.00019107
2024-12-31,-0.00023893399999999992
2025-01-01,0.00022052600000000002
2025-01-02,0.000298674
2025-01-03,0.00023161000000000004
2025-01-04,0.00022373400000000006
2025-01-05,0.000269588
2025-01-06,0.00024834600000000004
2025-01-07,-0.00024230000000000003
2025-01-08,-7.5142e-05
2025-01-09,0.000130616
2025-01-10,2.1046000000000008e-05
2025-01-11,0.00016261000000000002
2025-01-12,0.00019472
2025-01-13,-3.317600000000004e-05
2025-01-14,-0.00022017999999999994
2025-01-15,0.000238745
2025-01-16,0.00023472250000000004
2025-01-17,0.00022978750000000002
2025-01-18,0.00026445500000000003
2025-01-19,0.00027209500000000003
2025-01-20,0.0002892025
2025-01-21,-0.00023221999999999994
2025-01-22,0.000262828
2025-01-23,0.00022878400000000005
2025-01-24,0.00021830400000000003
2025-01-25,0.00018727200000000002
2025-01-26,0.000234872
2025-01-27,5.9944e-05
2025-01-28,-0.00027277400000000004
2025-01-29,0.000216658
2025-01-30,0.00022981200000000003
2025-01-31,0.00019926200000000002
2025-02-01,0.000103234
2025-02-02,9.903000000000002e-05
2025-02-03,-0.00018542200000000003
2025-02-04,-0.0017844999999999998
2025-02-05,5.923e-05
2025-02-06,7.851e-05
2025-02-07,0.00020139
2025-02-08,-2.639e-05
2025-02-09,0.00016312
2025-02-10,0.00018435
2025-02-11,-0.001662175
2025-02-12,8.6935e-05
2025-02-13,9.779250000000001e-05
2025-02-14,0.000129035
2025-02-15,4.76375e-05
2025-02-16,6.274e-05
2025-02-17,0.0001519825
2025-02-18,-0.00034539999999999994
2025-02-19,2.1878e-05
2025-02-20,6.916800000000001e-05
2025-02-21,6.0078e-05
2025-02-22,-3.4556e-05
2025-02-23,7.388000000000002e-05
2025-02-24,1.8339999999999997e-06
2025-02-25,-0.0008519966666666665
2025-02-26,7.969e-05
2025-02-27,0.00020182666666666664
2025-02-28,0.00018257
2025-03-01,0.00014222333333333332
2025-03-02,0.00010833666666666667
2025-03-03,3.5216666666666664e-05
2025-03-04,-0.0012
2025-03-05,0.0
2025-03-06,0.0
2025-03-07,0.0
2025-03-08,0.0
2025-03-09,0.0
2025-03-10,0.0
2025-03-11,-0.0011103274999999999
2025-03-12,-9.337250000000001e-05
2025-03-13,-6.314000000000001e-05
2025-03-14,7.437e-05
2025-03-15,9.025250000000001e-05
2025-03-16,-8.21525e-05
2025-03-17,-7.182750000000001e-05
2025-03-18,-0.0011142049999999998
2025-03-19,0.00016415
2025-03-20,2.9060000000000003e-05
2025-03-21,0.00012027000000000001
2025-03-22,2.3630000000000002e-05
2025-03-23,6.602499999999999e-05
2025-03-24,7.682e-05
2025-03-25,-0.001625455
2025-03-26,1.541000000000001e-05
2025-03-27,-0.00012489
2025-03-28,-0.00010039
2025-03-29,-0.00011148500000000001
2025-03-30,-0.0003133575
2025-03-31,-0.0002158775
2025-04-01,-0.00172019
2025-04-02,4.775e-05
2025-04-03,0.0001126
2025-04-04,0.000127225
2025-04-05,0.00011870999999999998
2025-04-06,5.204e-05
2025-04-07,4.3005000000000006e-05
2025-04-08,-0.00109217
2025-04-09,0.00014172
2025-04-10,0.00014594
2025-04-11,1.0610000000000002e-05
2025-04-12,0.00014682
2025-04-13,0.00023128
2025-04-14,0.00017668
2025-04-15,-0.0015219166666666666
2025-04-16,-9.174666666666667e-05
2025-04-17,0.00010188999999999999
2025-04-18,-3.3499999999999994e-05
2025-04-19,0.00011946000000000001
2025-04-20,-4.693666666666666e-05
2025-04-21,0.00017663333333333334
2025-04-22,-0.00076019
2025-04-23,0.000281475
2025-04-24,0.00016991
2025-04-25,0.00015262
2025-04-26,2.8570000000000003e-05
2025-04-27,-9.864999999999991e-06
2025-04-28,8.374000000000001e-05
2025-04-29,-0.0014864133333333334
2025-04-30,-0.00017084
2025-05-01,6.285666666666666e-05
2025-05-02,-4.414333333333335e-05
2025-05-03,3.035e-05
2025-05-04,-7.136999999999999e-05
2025-05-05,-0.00011384333333333331
2025-05-06,-0.0007378733333333334
2025-05-07,8.919666666666667e-05
2025-05-08,0.00020730333333333334
2025-05-09,0.00028126
2025-05-10,0.00027575666666666663
2025-05-11,0.00022644
2025-05-12,0.00022894999999999998
2025-05-13,-0.0007188899999999998
2025-05-14,0.0002463
2025-05-15,0.00011078400000000002
2025-05-16,0.00017814000000000003
2025-05-17,8.9936e-05
2025-05-18,0.00013760400000000002
2025-05-19,-4.6602e-05
2025-05-20,0.000156372
2025-05-21,0.00020317799999999998
2025-05-22,0.000277496
2025-05-23,0.000250606
2025-05-24,8.187600000000001e-05
2025-05-25,5.6410000000000004e-05
2025-05-26,0.000173182
2025-05-27,-0.00029782499999999993
2025-05-28,0.00013554000000000002
2025-05-29,0.00018956749999999998
2025-05-30,5.47025e-05
2025-05-31,6.774e-05
2025-06-01,4.34175e-05
2025-06-02,0.000141585
2025-06-03,-0.00030026599999999993
2025-06-04,0.000122952
2025-06-05,9.9734e-05
2025-06-06,-0.000126824
2025-06-07,0.000133742
2025-06-08,0.00015949800000000002
2025-06-09,0.000140114
2025-06-10,0.00022972800000000003
2025-06-11,0.000284416
2025-06-12,0.00012503000000000001
2025-06-13,-0.000107182
2025-06-14,8.890800000000002e-05
2025-06-15,6.998200000000001e-05
2025-06-16,0.000155954
2025-06-17,0.00015806800000000003
2025-06-18,0.00011172000000000001
2025-06-19,0.00013756
2025-06-20,0.00015418000000000002
2025-06-21,6.896800000000001e-05
2025-06-22,0.00010114600000000001
2025-06-23,1.1560000000000001e-05
2025-06-24,6.2668e-05
2025-06-25,9.323800000000002e-05
2025-06-26,8.402400000000001e-05
2025-06-27,1.6880000000000023e-06
2025-06-28,0.00016490200000000003
2025-06-29,0.00017852
2025-06-30,0.000116904
2025-07-01,-0.00037221
2025-07-02,1.4234999999999995e-05
2025-07-03,0.00020792250000000001
2025-07-04,0.0001288525
2025-07-05,-1.53825e-05
2025-07-06,8.913749999999999e-05
2025-07-07,0.00019377
2025-07-08,-0.00045764749999999994
2025-07-09,0.00022171000000000002
2025-07-10,0.00023972000000000002
2025-07-11,0.00030000000000000003
2025-07-12,0.000279555
2025-07-13,0.00026163750000000006
2025-07-14,0.0002726225
2025-07-15,-0.00022844999999999994
2025-07-16,0.00030000000000000003
2025-07-17,0.00030000000000000003
2025-07-18,0.00038865600000000003
2025-07-19,0.00030000000000000003
2025-07-20,0.00030000000000000003
2025-07-21,0.0003058
2025-07-22,0.00030000000000000003
2025-07-23,0.00034275600000000005
2025-07-24,0.00030000000000000003
2025-07-25,0.00026931400000000004
2025-07-26,0.00030000000000000003
2025-07-27,0.000284744
2025-07-28,0.000287292
2025-07-29,-0.00028864000000000006
2025-07-30,0.00015609400000000001
2025-07-31,0.000194008
2025-08-01,5.831e-05
2025-08-02,0.000145448
2025-08-03,0.000135782
2025-08-04,9.966400000000001e-05
2025-08-05,-0.00029790999999999997
2025-08-06,0.00016438
2025-08-07,0.00023703
2025-08-08,0.0002376725
2025-08-09,0.00027866750000000003
2025-08-10,0.000261135
2025-08-11,0.0002357925
2025-08-12,0.0001909525
2025-08-13,0.0002928075
2025-08-14,0.0003005125
2025-08-15,0.0001914175
2025-08-16,0.0001806175
2025-08-17,0.00016347
2025-08-18,3.91625e-05
2025-08-19,-0.0002768219999999999
2025-08-20,7.251e-05
2025-08-21,0.00020874400000000002
2025-08-22,0.000209858
2025-08-23,0.00029942200000000003
2025-08-24,0.00030000000000000003
2025-08-25,0.00020914000000000002
2025-08-26,-0.00041992400000000007
2025-08-27,0.00014525400000000002
2025-08-28,0.00022140000000000001
2025-08-29,0.000129912
2025-08-30,7.6118e-05
2025-08-31,0.000122816
2025-09-01,9.8856e-05
2025-09-02,-0.00028164400000000006
2025-09-03,0.00017592800000000003
2025-09-04,0.00011075400000000002
2025-09-05,0.00012711400000000003
2025-09-06,0.000165822
2025-09-07,0.00018381800000000003
2025-09-08,0.00024657
2025-09-09,-0.00021025200000000002
2025-09-10,0.00023023400000000003
2025-09-11,0.000173752
2025-09-12,0.000159366
2025-09-13,0.00023542600000000006
2025-09-14,0.000172406
2025-09-15,8.422e-05
2025-09-16,-0.00032609200000000005
2025-09-17,0.000146804
2025-09-18,0.000219354
2025-09-19,0.00014340000000000002
2025-09-20,1.0570000000000002e-05
2025-09-21,6.478e-05
2025-09-22,2.2699999999999994e-06
2025-09-23,-0.00038632400000000006
2025-09-24,0.000165298
2025-09-25,9.088800000000001e-05
2025-09-26,0.00012010800000000002
2025-09-27,0.000127968
2025-09-28,0.000126292
2025-09-29,0.000165598
2025-09-30,-0.00034587400000000003
2025-10-01,0.000152316
2025-10-02,0.00017090600000000002
2025-10-03,0.000251356
2025-10-04,0.000228322
2025-10-05,0.00023658000000000002
2025-10-06,0.00019693000000000003
2025-10-07,0.00021902400000000004
2025-10-08,0.00010315799999999999
2025-10-09,0.000103724
2025-10-10,9.109600000000001e-05
2025-10-11,1.4808000000000011e-05
2025-10-12,-0.00019574400000000003
2025-10-13,-0.00011500400000000001
2025-10-14,-0.0008686599999999999
2025-10-15,0.00011137666666666665
2025-10-16,9.719999999999998e-06
2025-10-17,0.00011912666666666667
2025-10-18,2.980000000000002e-06
2025-10-19,2.7606666666666675e-05
2025-10-20,6.18e-05
2025-10-21,9.233666666666666e-05
2025-10-22,1.7603333333333335e-05
2025-10-23,0.00011203999999999999
2025-10-24,0.00015637
2025-10-25,0.0001730733333333333
2025-10-26,0.00021480666666666664
2025-10-27,0.0002246433333333333
2025-10-28,-0.000837448
2025-10-29,-2.1746000000000005e-05
2025-10-30,-1.3309999999999993e-05
2025-10-31,-3.4479999999999995e-05
2025-11-01,0.000142942
2025-11-02,0.00015047
2025-11-03,-1.1413999999999998e-05
2025-11-04,-0.00027707249999999996
2025-11-05,9.84275e-05
2025-11-06,0.0001088975
2025-11-07,0.000115305
2025-11-08,0.00019711750000000002
2025-11-09,3.555250000000001e-05
2025-11-10,0.0001516775
2025-11-11,8.1545e-05
2025-11-12,5.8740000000000003e-05
2025-11-13,0.00014482
2025-11-14,9.217499999999999e-05
2025-11-15,9.64925e-05
2025-11-16,9.001e-05
2025-11-17,0.00023123750000000003
2025-11-18,-0.0007372800000000001
2025-11-19,0.00019045599999999998
2025-11-20,0.00019895999999999998
2025-11-21,4.8404e-05
2025-11-22,8.541999999999998e-05
2025-11-23,4.293999999999999e-05
2025-11-24,7.6006e-05
2025-11-25,-0.0013472299999999998
2025-11-26,-1.953333333333334e-06
2025-11-27,3.507e-05
2025-11-28,4.064333333333333e-05
2025-11-29,-2.0986666666666663e-05
2025-11-30,3.274e-05
2025-12-01,-3.206666666666671e-06
2025-12-02,-0.0014885950000000001
2025-12-03,6.204499999999999e-05
2025-12-04,0.000184505
2025-12-05,0.00013616
2025-12-06,5.957e-05
2025-12-07,7.630000000000001e-05
2025-12-08,0.000117935
2025-12-09,-0.00107822
2025-12-10,4.264e-05
2025-12-11,-1.8260000000000005e-05
2025-12-12,3.20175e-05
2025-12-13,7.726749999999998e-05
2025-12-14,0.00011485249999999998
2025-12-15,-1.4707499999999988e-05
2025-12-16,-0.001110435
2025-12-17,0.000153995
2025-12-18,0.00010036499999999999
2025-12-19,0.000220955
2025-12-20,0.000149515
2025-12-21,0.00014623000000000001
2025-12-22,4.740000000000001e-05
2025-12-23,-0.001136495
2025-12-24,9.324e-05
2025-12-25,8.98775e-05
2025-12-26,0.00013388
2025-12-27,0.0001227175
2025-12-28,0.00020660999999999998
2025-12-29,0.00021488500000000003
2025-12-30,-0.0004956149999999999
2025-12-31,0.0001361925
2026-01-01,0.00015077000000000002
2026-01-02,0.00017043750000000002
2026-01-03,0.00015427000000000003
2026-01-04,0.0001768775
2026-01-05,0.00015171500000000002
2026-01-06,-0.0007733120000000002
2026-01-07,0.00014718
2026-01-08,0.000160884
2026-01-09,0.000126852
2026-01-10,5.433e-05
2026-01-11,0.000180668
2026-01-12,6.7864e-05
2026-01-13,-0.00027499400000000003
2026-01-14,0.00025177
2026-01-15,9.8278e-05
2026-01-16,2.5273999999999996e-05
2026-01-17,0.00012820800000000002
2026-01-18,4.8248e-05
2026-01-19,5.0448e-05
2026-01-20,-0.00030818200000000005
2026-01-21,4.4788000000000006e-05
2026-01-22,8.6298e-05
2026-01-23,3.9800000000000005e-05
2026-01-24,5.320600000000001e-05
2026-01-25,6.1388e-05
2026-01-26,-1.1164000000000005e-05
2026-01-27,-0.00027904400000000005
2026-01-28,0.000174986
2026-01-29,4.3734e-05
2026-01-30,-9.1986e-05
2026-01-31,-2.995600000000001e-05
2026-02-01,-0.00028471
2026-02-02,-0.00018022800000000002
2026-02-03,-0.0012
2026-02-04,0.0
2026-02-05,0.0
2026-02-06,0.0
2026-02-07,0.0
2026-02-08,0.0
2026-02-09,0.0
2026-02-10,0.0
2026-02-11,0.0
2026-02-12,0.0
2026-02-13,0.0
2026-02-14,0.0
2026-02-15,0.0
2026-02-16,0.0
2026-02-17,-0.0011247999999999998
2026-02-18,1.5750000000000003e-05
2026-02-19,-0.000129075
2026-02-20,-4.4955e-05
2026-02-21,0.00012223
2026-02-22,3.397e-05
2026-02-23,-0.00019167499999999998
2026-02-24,-0.00115669
2026-02-25,1.4400000000000001e-05
2026-02-26,8.810000000000005e-06
2026-02-27,-9.770000000000002e-05
2026-02-28,-3.991e-05
2026-03-01,6.823e-05
2026-03-02,-3.3379999999999996e-05
2026-03-03,2.7320000000000003e-05
2026-03-04,1.8129999999999994e-05
2026-03-05,8.706e-05
2026-03-06,-3.548e-05
2026-03-07,-7.299999999999947e-07
2026-03-08,-8.479e-05
2026-03-09,-0.0001378
2026-03-10,-0.001869682
2026-03-11,-0.00011595
2026-03-12,-0.000135438
2026-03-13,0.00015328800000000001
2026-03-14,-0.000186938
2026-03-15,-5.300600000000001e-05
2026-03-16,0.00021964800000000002
2026-03-17,-0.00041362999999999995
2026-03-18,-3.19325e-05
2026-03-19,-5.4817499999999995e-05
2026-03-20,-9.33825e-05
2026-03-21,-7.32825e-05
2026-03-22,-0.00032690000000000003
2026-03-23,-8.7365e-05
2026-03-24,-0.0005535274999999999
2026-03-25,0.00012432
2026-03-26,-4.56325e-05
2026-03-27,-0.00032721499999999995
2026-03-28,-0.000290125
2026-03-29,-0.00028347750000000003
2026-03-30,-4.3669999999999994e-05
2026-03-31,-0.001105305
2026-04-01,-1.941e-05
2026-04-02,-0.000261875
2026-04-03,0.00013345500000000002
2026-04-04,0.00017491500000000002
2026-04-05,8.080500000000001e-05
2026-04-06,0.00020295000000000003
2026-04-07,-0.00234381
2026-04-08,0.000156655
2026-04-09,4.4915e-05
2026-04-10,3.1515e-05
2026-04-11,-5.375999999999999e-05
2026-04-12,-2.778e-05
2026-04-13,-2.913e-05
2026-04-14,-0.0017061399999999999
2026-04-15,-5.199000000000001e-05
2026-04-16,0.000138156
2026-04-17,0.00013735600000000002
2026-04-18,-2.3956000000000006e-05
2026-04-19,-0.00012565200000000002
2026-04-20,-1.840000000000028e-07
2026-04-21,-0.0003848724999999999
2026-04-22,0.0001785575
2026-04-23,-3.442e-05
2026-04-24,8.572500000000001e-05
2026-04-25,8.609499999999998e-05
2026-04-26,3.03375e-05
2026-04-27,-0.00010350750000000002
2026-04-28,-0.0005633033333333333
2026-04-29,1.7456666666666665e-05
2026-04-30,4.436666666666667e-06
2026-05-01,5.737666666666666e-05
2026-05-02,5.026333333333333e-05
2026-05-03,0.00010928666666666665
2026-05-04,0.00016445333333333333
2026-05-05,-0.0004110249999999999
2026-05-06,0.0002228075
2026-05-07,0.00012667750000000001
2026-05-08,9.119e-05
2026-05-09,0.0002149225
2026-05-10,5.591e-05
2026-05-11,0.0001396325
2026-05-12,-0.0008534560000000002
2026-05-13,5.577800000000001e-05
2026-05-14,2.9511999999999998e-05
2026-05-15,1.7972e-05
2026-05-16,2.924800000000001e-05
2026-05-17,1.8672e-05
2026-05-18,1.2079999999999996e-05
2026-05-19,-0.00036655749999999995
2026-05-20,0.00014163
2026-05-21,0.000105965
2026-05-22,8.408999999999999e-05
2026-05-23,5.67125e-05
2026-05-24,0.00018639499999999998
2026-05-25,0.0001054575
2026-05-26,0.0001313375
2026-05-27,0.00015373750000000002
2026-05-28,2.8822499999999997e-05
2026-05-29,0.00015195
2026-05-30,0.00012260500000000002
2026-05-31,0.0001018425
2026-06-01,0.000127905
2026-06-02,-0.0008079560000000001
2026-06-03,2.377200000000002e-05
2026-06-04,-6.396e-05
2026-06-05,-0.000138228
2026-06-06,-0.000121052
2026-06-07,-0.00023941800000000003
2026-06-08,-0.00014612000000000002
2026-06-09,-0.0018991799999999999
2026-06-10,-4.780000000000002e-06
2026-06-11,4.45e-05
2026-06-12,1.9829999999999998e-05
2026-06-13,6.355e-05
2026-06-14,-0.00012432
2026-06-15,-2.65e-05
2026-06-16,-0.00236523
2026-06-17,2.2175000000000004e-05
2026-06-18,-1.5219999999999997e-05
2026-06-19,4.300000000000001e-05
2026-06-20,3.359999999999995e-06
2026-06-21,-1.8675e-05
2026-06-22,1.6905e-05
2026-06-23,-0.00236193
2026-06-24,4.315e-05
2026-06-25,-1.6459999999999995e-05
2026-06-26,0.0001851
2026-06-27,0.00013281
2026-06-28,0.00010043
2026-06-29,0.00019214
2026-06-30,-0.0017855920000000003
2026-07-01,0.00018112800000000002
2026-07-02,0.000179684
2026-07-03,0.000199738
2026-07-04,0.00029102
2026-07-05,0.00020221
2026-07-06,0.00019691400000000002
2026-07-07,0.00011276600000000002
2026-07-08,6.7752e-05
2026-07-09,0.00011842600000000001
2026-07-10,0.000126574
2026-07-11,6.577e-05
2026-07-12,2.124e-05
2026-07-13,4.6364e-05
2026-07-14,-0.00036718000000000005
2026-07-15,0.000196396
2026-07-16,0.000141688
2026-07-17,6.387000000000001e-05
2026-07-18,8.749e-05
2026-07-19,8.844e-05
2026-07-20,8.038800000000002e-05
2026-07-21,-0.00028451400000000003
2026-07-22,0.000164686
2026-07-23,-4.611e-05
2026-07-24,-9.594000000000007e-06
2026-07-25,-2.5799999999999997e-05
2026-07-26,9.3156e-05
2026-07-27,5.8246000000000004e-05
2026-07-28,-0.0008874099999999999
2026-07-29,0.00015646333333333332
2026-07-30,0.00019361999999999998
2026-07-31,0.00014497666666666667
2026-08-01,0.00014115
2026-08-02,0.00017577666666666666
2026-08-03,0.00020955666666666665
2026-08-04,-0.001204232
2026-08-05,0.000110586
2026-08-06,3.976200000000001e-05
2026-08-07,4.0414e-05
2026-08-08,0.00015266600000000003
2026-08-09,0.000214682
2026-08-10,0.000229384
2026-08-11,-0.00031444400000000004
2026-08-12,0.00015061
2026-08-13,0.000112914
2026-08-14,5.4164000000000005e-05
2026-08-15,5.487600000000001e-05
2026-08-16,1.2920000000000005e-06
2026-08-17,7.427200000000001e-05
2026-08-18,9.9708e-05
2026-08-19,0.00011549000000000001
2026-08-20,0.000295634
2026-08-21,0.000297504
2026-08-22,0.000388674
2026-08-23,0.000312668
2026-08-24,0.000264914
2026-08-25,-0.00023024800000000006
2026-08-26,0.00018738
2026-08-27,0.00018367800000000003
2026-08-28,2.5298e-05
2026-08-29,0.00014517200000000003
2026-08-30,6.7624e-05
2026-08-31,6.9204e-05
2026-09-01,-0.0003552080000000001
2026-09-02,0.00016787800000000002
2026-09-03,0.000246746
2026-09-04,0.00022823200000000003
2026-09-05,5.139999999999999e-05
2026-09-06,0.00013308800000000004
2026-09-07,0.000150824
2026-09-08,0.000149808
2026-09-09,6.433200000000001e-05
2026-09-10,1.4361999999999996e-05
2026-09-11,2.4774e-05
