factor,period,IC,ICIR,|IC|
mom20,5,-0.0272,-0.1388,0.0272
mom20,10,-0.0273,-0.1436,0.0273
mom20,21,-0.0378,-0.1975,0.0378
mom60,5,-0.0274,-0.1319,0.0274
mom60,10,-0.0319,-0.1559,0.0319
mom60,21,-0.0377,-0.1899,0.0377
mom120,5,-0.012,-0.0592,0.012
mom120,10,-0.0132,-0.0648,0.0132
mom120,21,-0.0115,-0.0561,0.0115
mom250,5,0.0026,0.0128,0.0026
mom250,10,0.0058,0.0279,0.0058
mom250,21,0.0093,0.044,0.0093
rev5,5,0.0223,0.1263,0.0223
rev5,10,0.0123,0.0704,0.0123
rev5,21,0.011,0.0628,0.011
rev10,5,0.0199,0.1067,0.0199
rev10,10,0.0143,0.0785,0.0143
rev10,21,0.0203,0.1099,0.0203
rev20,5,0.0272,0.1388,0.0272
rev20,10,0.0273,0.1436,0.0273
rev20,21,0.0378,0.1975,0.0378
pma20,5,-0.0248,-0.1293,0.0248
pma20,10,-0.0197,-0.106,0.0197
pma20,21,-0.0271,-0.1443,0.0271
vol20,5,-0.0276,-0.1152,0.0276
vol20,10,-0.0296,-0.1228,0.0296
vol20,21,-0.0337,-0.138,0.0337
pma60,5,-0.0343,-0.1628,0.0343
pma60,10,-0.0372,-0.1809,0.0372
pma60,21,-0.0462,-0.2291,0.0462
vol60,5,-0.0263,-0.1013,0.0263
vol60,10,-0.0288,-0.1106,0.0288
vol60,21,-0.0354,-0.1344,0.0354
dollarvol,5,0.0519,0.311,0.0519
dollarvol,10,0.0598,0.3553,0.0598
dollarvol,21,0.0755,0.4379,0.0755
illiq,5,0.0301,0.194,0.0301
illiq,10,0.0403,0.256,0.0403
illiq,21,0.0555,0.3482,0.0555
turnover,5,0.0342,0.1935,0.0342
turnover,10,0.0385,0.2142,0.0385
turnover,21,0.0475,0.2676,0.0475
hlspread,5,-0.034,-0.1402,0.034
hlspread,10,-0.0352,-0.1447,0.0352
hlspread,21,-0.0404,-0.1626,0.0404
gap,5,-0.021,-0.1195,0.021
gap,10,-0.0109,-0.0627,0.0109
gap,21,-0.0099,-0.0565,0.0099
bm,5,0.0194,0.0891,0.0194
bm,10,0.024,0.1084,0.024
bm,21,0.0323,0.1441,0.0323
size,5,-0.0214,-0.1232,0.0214
size,10,-0.0293,-0.1678,0.0293
size,21,-0.044,-0.2507,0.044
roe,5,0.0131,0.0833,0.0131
roe,10,0.0168,0.1039,0.0168
roe,21,0.0192,0.1162,0.0192
investment,5,0.0081,0.0593,0.0081
investment,10,0.0123,0.0863,0.0123
investment,21,0.0148,0.0975,0.0148
