top_n,min_f,reb,grade,sharpe,ann,turn_d,fit,IS_sh,OS_sh,OS_ann
5,0.0,7,A,6.984,0.1115,0.072,2.333,8.13,5.4,0.0453
20,0.0,7,A,6.863,0.1078,0.07,2.254,7.97,5.37,0.0438
10,0.0,7,A,6.863,0.1078,0.07,2.254,7.97,5.37,0.0438
15,0.0,7,A,6.863,0.1078,0.07,2.254,7.97,5.37,0.0438
5,5e-05,7,A,6.611,0.1075,0.083,2.167,7.98,4.16,0.038
15,5e-05,7,A,6.495,0.1041,0.08,2.096,7.84,4.08,0.0366
20,5e-05,7,A,6.495,0.1041,0.08,2.096,7.84,4.08,0.0366
10,5e-05,7,A,6.495,0.1041,0.08,2.096,7.84,4.08,0.0366
5,0.0001,7,A,6.151,0.102,0.096,1.965,7.86,2.75,0.0283
10,0.0001,7,A,6.09,0.0995,0.094,1.921,7.78,2.71,0.0275
20,0.0001,7,A,6.09,0.0995,0.094,1.921,7.78,2.71,0.0275
15,0.0001,7,A,6.09,0.0995,0.094,1.921,7.78,2.71,0.0275
5,0.0,3,B,4.731,0.0814,0.156,1.349,6.53,0.76,0.0079
10,0.0,3,B,4.677,0.0794,0.15,1.318,6.52,0.63,0.0067
20,0.0,3,B,4.677,0.0794,0.15,1.318,6.52,0.63,0.0067
15,0.0,3,B,4.677,0.0794,0.15,1.318,6.52,0.63,0.0067
5,5e-05,3,B,4.094,0.0724,0.179,1.101,6.12,-0.36,-0.0043
10,5e-05,3,B,4.02,0.0701,0.175,1.065,6.09,-0.51,-0.0059
20,5e-05,3,B,4.02,0.0701,0.175,1.065,6.09,-0.51,-0.0059
15,5e-05,3,B,4.02,0.0701,0.175,1.065,6.09,-0.51,-0.0059
5,0.0001,3,C,3.518,0.0638,0.201,0.889,5.69,-1.19,-0.0148
15,0.0001,3,C,3.472,0.0622,0.196,0.866,5.67,-1.24,-0.0155
10,0.0001,3,C,3.472,0.0622,0.196,0.866,5.67,-1.24,-0.0155
20,0.0001,3,C,3.472,0.0622,0.196,0.866,5.67,-1.24,-0.0155
20,0.0,1,F,-0.153,-0.003,0.353,-0.008,2.65,-6.73,-0.0866
15,0.0,1,F,-0.153,-0.003,0.353,-0.008,2.65,-6.73,-0.0866
10,0.0,1,F,-0.153,-0.003,0.353,-0.008,2.65,-6.73,-0.0866
5,0.0,1,F,-0.381,-0.0073,0.377,-0.033,2.54,-7.52,-0.0941
15,5e-05,1,F,-1.444,-0.0279,0.418,-0.241,1.77,-8.86,-0.1199
10,5e-05,1,F,-1.444,-0.0279,0.418,-0.241,1.77,-8.86,-0.1199
20,5e-05,1,F,-1.444,-0.0279,0.418,-0.241,1.77,-8.86,-0.1199
5,5e-05,1,F,-1.565,-0.0304,0.437,-0.273,1.71,-9.36,-0.1242
15,0.0001,1,F,-2.396,-0.0474,0.471,-0.522,1.18,-10.31,-0.1478
10,0.0001,1,F,-2.396,-0.0474,0.471,-0.522,1.18,-10.31,-0.1478
20,0.0001,1,F,-2.396,-0.0474,0.471,-0.522,1.18,-10.31,-0.1478
5,0.0001,1,F,-2.535,-0.0504,0.49,-0.569,1.1,-10.8,-0.1523
