vol_n,smooth,top,hold,grade,sharpe,fitness,ann_ret,turn_d,good
7,20,0.1,10,F,0.464,0.335,-0.52,0.651,False
7,20,0.1,5,F,0.472,0.329,-0.485,0.71,False
7,5,0.1,10,F,0.407,0.311,-0.5833,0.849,False
7,5,0.1,5,F,0.362,0.289,-0.8795,1.176,False
20,0,0.1,10,F,0.339,0.275,-0.6566,0.685,False
20,0,0.1,5,F,0.327,0.272,-0.6948,0.828,False
20,5,0.1,1,F,0.302,0.252,-0.6953,0.884,False
7,0,0.2,21,F,0.314,0.239,-0.9661,1.292,False
20,5,0.1,10,F,0.281,0.221,-0.6207,0.654,False
7,20,0.1,21,F,0.231,0.208,-0.8132,0.559,False
20,5,0.1,21,F,0.209,0.188,-0.8151,0.558,False
7,5,0.1,21,F,0.236,0.182,-0.5988,0.584,False
60,5,0.2,21,F,0.176,0.17,-0.9421,1.009,False
20,20,0.1,21,F,0.173,0.157,-0.8199,0.517,False
20,5,0.2,1,F,0.283,0.155,-0.9446,1.771,False
60,20,0.1,10,F,0.139,0.134,-0.9354,0.475,False
7,20,0.1,1,F,0.153,0.132,-0.7462,0.815,False
7,5,0.1,1,F,0.215,0.132,-0.917,1.565,False
60,5,0.1,10,F,0.146,0.131,-0.8084,0.486,False
20,0,0.2,10,F,0.188,0.124,-0.9933,1.51,False
60,0,0.1,21,F,0.135,0.122,-0.8098,0.445,False
20,20,0.1,5,F,0.129,0.118,-0.839,0.625,False
20,0,0.1,21,F,0.129,0.118,-0.8389,0.566,False
7,0,0.1,10,F,0.15,0.117,-0.9061,1.218,False
7,5,0.2,5,F,0.252,0.11,-0.9975,2.289,False
7,20,0.2,1,F,0.183,0.106,-0.9507,1.684,False
60,5,0.1,21,F,0.114,0.103,-0.8212,0.436,False
7,5,0.2,10,F,0.181,0.101,-0.992,1.792,False
60,0,0.1,10,F,0.108,0.097,-0.8073,0.492,False
60,0,0.2,21,F,0.097,0.093,-0.95,1.011,False
60,20,0.2,5,F,0.095,0.087,-0.9583,1.064,False
60,20,0.2,1,F,0.097,0.086,-0.9659,1.105,False
7,5,0.3,21,F,0.18,0.084,-0.9954,2.144,False
7,5,0.2,21,F,0.106,0.081,-0.9359,1.274,False
60,20,0.2,10,F,0.083,0.078,-0.959,1.045,False
20,5,0.2,21,F,0.095,0.078,-0.9675,1.208,False
20,20,0.1,1,F,0.081,0.075,-0.8559,0.663,False
20,0,0.2,5,F,0.128,0.073,-0.9956,1.741,False
60,0,0.1,5,F,0.078,0.071,-0.8309,0.539,False
20,5,0.1,5,F,0.078,0.068,-0.753,0.751,False
7,0,0.1,21,F,0.07,0.067,-0.9149,0.662,False
60,20,0.1,1,F,0.068,0.066,-0.9418,0.502,False
60,0,0.1,1,F,0.071,0.065,-0.8377,0.66,False
7,20,0.2,5,F,0.098,0.064,-0.9524,1.503,False
7,0,0.3,21,F,0.111,0.052,-0.9961,2.123,False
7,20,0.2,10,F,0.072,0.051,-0.956,1.375,False
60,20,0.1,5,F,0.051,0.05,-0.945,0.492,False
7,5,0.2,1,F,0.135,0.048,-0.9954,2.792,False
20,5,0.2,5,F,0.071,0.045,-0.9839,1.565,False
7,0,0.2,5,F,0.104,0.043,-0.9912,2.417,False
60,5,0.1,5,F,0.038,0.035,-0.8547,0.525,False
60,5,0.2,10,F,0.035,0.032,-0.9712,1.097,False
60,5,0.1,1,F,0.025,0.023,-0.8677,0.568,False
7,0,0.1,5,F,0.015,0.009,-0.946,1.633,False
60,20,0.2,21,F,0.0,0.0,-0.9671,1.006,False
20,0,0.2,21,F,-0.006,-0.004,-0.9921,1.275,False
20,5,0.2,10,F,-0.008,-0.006,-0.9942,1.468,False
20,20,0.2,10,F,-0.014,-0.011,-0.9741,1.236,False
60,20,0.4,21,F,-0.081,-0.026,-1.0,3.169,False
7,5,0.4,21,F,-0.112,-0.031,-1.0,3.632,False
20,20,0.4,21,F,-0.135,-0.041,-1.0,3.302,False
7,5,0.3,5,F,-0.151,-0.043,-1.0,3.484,False
20,20,0.1,10,F,-0.047,-0.044,-0.884,0.577,False
7,0,0.3,5,F,-0.201,-0.053,-1.0,3.782,False
20,20,0.2,5,F,-0.081,-0.059,-0.9926,1.364,False
7,0,0.4,21,F,-0.21,-0.06,-1.0,3.493,False
60,5,0.2,1,F,-0.081,-0.061,-0.9934,1.324,False
7,0,0.2,10,F,-0.113,-0.061,-0.9974,1.849,False
20,20,0.2,21,F,-0.075,-0.063,-0.9796,1.171,False
20,0,0.3,10,F,-0.16,-0.067,-0.9997,2.387,False
60,20,0.4,5,F,-0.238,-0.071,-1.0,3.334,False
60,20,0.4,10,F,-0.285,-0.074,-1.0,3.83,False
20,0,0.2,1,F,-0.175,-0.075,-0.9949,2.341,False
60,20,0.1,21,F,-0.078,-0.077,-0.9627,0.461,False
60,0,0.3,10,F,-0.152,-0.08,-0.998,1.906,False
20,20,0.4,10,F,-0.523,-0.081,-1.0,6.462,False
60,0,0.2,10,F,-0.108,-0.084,-0.9927,1.277,False
20,20,0.3,21,F,-0.17,-0.085,-0.9992,1.992,False
60,5,0.4,10,F,-0.291,-0.086,-1.0,3.373,False
60,5,0.2,5,F,-0.108,-0.087,-0.9931,1.24,False
7,5,0.4,5,F,-0.463,-0.089,-1.0,5.181,False
20,20,0.4,5,F,-0.616,-0.093,-1.0,6.636,False
7,5,0.3,10,F,-0.345,-0.093,-0.9999,3.719,False
60,5,0.3,21,F,-0.165,-0.094,-0.9984,1.764,False
60,5,0.4,21,F,-0.352,-0.094,-1.0,3.76,False
60,20,0.3,10,F,-0.18,-0.098,-0.9991,1.838,False
7,5,0.3,1,F,-0.624,-0.1,-1.0,6.258,False
20,20,0.2,1,F,-0.155,-0.1,-0.9951,1.548,False
60,20,0.3,1,F,-0.192,-0.103,-0.9977,1.862,False
60,20,0.3,5,F,-0.195,-0.107,-0.9974,1.811,False
7,20,0.3,5,F,-0.278,-0.109,-0.9998,2.545,False
7,20,0.2,21,F,-0.134,-0.109,-0.9826,1.21,False
60,20,0.3,21,F,-0.192,-0.11,-0.9986,1.746,False
60,0,0.2,5,F,-0.166,-0.115,-0.998,1.438,False
20,0,0.3,5,F,-0.312,-0.116,-0.9999,2.695,False
7,0,0.4,5,F,-0.608,-0.117,-1.0,5.188,False
60,5,0.4,5,F,-0.43,-0.119,-1.0,3.613,False
60,0,0.4,5,F,-0.447,-0.12,-1.0,3.717,False
60,20,0.4,1,F,-0.429,-0.12,-1.0,3.576,False
7,20,0.3,1,F,-0.33,-0.12,-0.9995,2.754,False
7,20,0.4,10,F,-0.523,-0.122,-1.0,4.3,False
7,5,0.4,10,F,-0.524,-0.123,-1.0,4.253,False
60,0,0.2,1,F,-0.208,-0.124,-0.9981,1.668,False
60,5,0.4,1,F,-0.477,-0.125,-1.0,3.828,False
20,5,0.3,1,F,-0.368,-0.129,-0.9998,2.857,False
20,0,0.4,10,F,-0.556,-0.131,-1.0,4.254,False
60,0,0.4,21,F,-0.54,-0.131,-1.0,4.117,False
7,20,0.4,1,F,-0.57,-0.132,-1.0,4.304,False
60,5,0.3,10,F,-0.247,-0.133,-0.9982,1.864,False
60,0,0.4,10,F,-0.48,-0.134,-1.0,3.582,False
7,5,0.4,1,F,-0.79,-0.135,-1.0,5.867,False
7,20,0.3,10,F,-0.348,-0.135,-0.9999,2.575,False
7,0,0.4,10,F,-0.861,-0.136,-1.0,6.347,False
60,0,0.3,5,F,-0.28,-0.139,-0.9995,2.011,False
7,20,0.4,21,F,-0.635,-0.142,-1.0,4.473,False
60,0,0.4,1,F,-0.584,-0.146,-1.0,3.994,False
20,0,0.4,21,F,-0.605,-0.146,-1.0,4.148,False
20,0,0.4,5,F,-0.739,-0.148,-1.0,4.98,False
7,20,0.3,21,F,-0.372,-0.155,-0.9998,2.396,False
7,0,0.3,1,F,-1.07,-0.155,-1.0,6.895,False
20,5,0.4,10,F,-0.6,-0.157,-1.0,3.829,False
20,0,0.3,1,F,-0.552,-0.159,-0.9999,3.477,False
20,20,0.4,1,F,-0.64,-0.16,-1.0,4.0,False
60,5,0.3,5,F,-0.318,-0.16,-0.9995,1.984,False
60,5,0.3,1,F,-0.336,-0.162,-0.9997,2.078,False
20,0,0.4,1,F,-0.919,-0.167,-1.0,5.502,False
7,20,0.4,5,F,-0.728,-0.168,-1.0,4.328,False
7,0,0.4,1,F,-1.297,-0.17,-1.0,7.641,False
60,0,0.3,21,F,-0.311,-0.173,-0.9991,1.795,False
20,5,0.4,1,F,-0.874,-0.175,-1.0,4.996,False
20,20,0.3,10,F,-0.392,-0.176,-0.9999,2.227,False
60,0,0.3,1,F,-0.404,-0.177,-0.9998,2.28,False
7,0,0.3,10,F,-0.566,-0.179,-1.0,3.17,False
20,0,0.3,21,F,-0.39,-0.18,-1.0,2.173,False
20,5,0.4,5,F,-0.849,-0.181,-1.0,4.703,False
20,20,0.3,5,F,-0.422,-0.187,-0.9999,2.253,False
7,0,0.2,1,F,-0.788,-0.192,-0.9996,4.103,False
20,20,0.3,1,F,-0.538,-0.227,-0.9999,2.371,False
20,5,0.3,21,F,-0.544,-0.23,-0.9999,2.367,False
20,5,0.3,5,F,-0.595,-0.232,-0.9999,2.563,False
20,5,0.3,10,F,-0.536,-0.234,-0.9999,2.287,False
20,5,0.4,21,F,-0.879,-0.234,-1.0,3.748,False
20,0,0.1,1,F,-0.304,-0.237,-0.9008,1.217,False
7,0,0.1,1,F,-0.796,-0.288,-0.9886,2.752,False
