signal,z_th,grade,sharpe,ann_ret,turn_d,fitness
btc_onchain::btc_price|mom90,1.5,D,0.72,0.2093,0.072,0.329
btc_onchain::btc_difficulty|z90,0.5,D,0.704,0.2543,0.063,0.355
btc_onchain::btc_price|mom90,0.5,F,0.618,0.2055,0.079,0.28
stablecoin_supply::stablecoin_mcap|mom7,1.5,F,0.592,0.1262,0.079,0.21
btc_onchain::btc_difficulty|z90,1.0,F,0.506,0.1304,0.052,0.183
stablecoin_supply::stablecoin_mcap|z7,0.5,F,0.471,0.114,0.402,0.159
btc_onchain::btc_price|z30,1.5,F,0.41,0.0827,0.095,0.118
btc_onchain::btc_difficulty|mom90,1.5,F,0.409,0.0833,0.05,0.118
btc_onchain::btc_price|mom30,1.0,F,0.401,0.0838,0.126,0.116
btc_onchain::btc_difficulty|z90,1.5,F,0.398,0.0776,0.043,0.111
stablecoin_supply::stablecoin_mcap|mom90,0.5,F,0.397,0.0673,0.044,0.103
stablecoin_supply::stablecoin_mcap|z90,1.0,F,0.397,0.0836,0.069,0.115
btc_onchain::btc_difficulty|mom30,0.5,F,0.397,0.0765,0.079,0.11
btc_onchain::btc_price|mom90,1.0,F,0.383,0.0732,0.099,0.103
stablecoin_supply::stablecoin_mcap|z30,1.5,F,0.37,0.0632,0.086,0.093
btc_onchain::btc_price|mom7,1.5,F,0.365,0.0693,0.093,0.096
btc_onchain::btc_price|z90,1.0,F,0.364,0.0675,0.091,0.095
stablecoin_supply::stablecoin_mcap|mom30,1.0,F,0.363,0.0674,0.072,0.094
stablecoin_supply::stablecoin_mcap|z30,0.5,F,0.347,0.0498,0.188,0.077
stablecoin_supply::stablecoin_mcap|mom30,1.5,F,0.337,0.058,0.045,0.081
stablecoin_supply::stablecoin_mcap|z90,0.5,F,0.333,0.0441,0.082,0.07
btc_onchain::btc_hashrate|z90,1.5,F,0.33,0.0571,0.238,0.079
stablecoin_supply::stablecoin_mcap|mom90,1.0,F,0.319,0.0336,0.042,0.059
fear_greed::fng|z90,1.0,F,0.318,0.0508,0.13,0.072
btc_onchain::btc_price|mom30,1.5,F,0.318,0.0532,0.076,0.073
btc_onchain::btc_difficulty|mom30,1.0,F,0.315,0.0473,0.057,0.068
btc_onchain::btc_price|mom30,0.5,F,0.308,0.023,0.124,0.047
btc_onchain::btc_price|z90,0.5,F,0.299,0.0194,0.101,0.042
btc_onchain::btc_miner_rev|mom90,0.5,F,0.295,0.0188,0.308,0.04
btc_onchain::btc_hashrate|z90,1.0,F,0.293,0.0413,0.439,0.06
stablecoin_supply::stablecoin_mcap|z90,1.5,F,0.292,0.0436,0.063,0.061
btc_onchain::btc_hashrate|mom7,1.5,F,0.29,0.0447,0.219,0.061
btc_onchain::btc_difficulty|mom90,0.5,F,0.29,0.0114,0.046,0.031
btc_onchain::btc_price|z90,1.5,F,0.28,0.0395,0.075,0.056
stablecoin_supply::stablecoin_mcap|z30,1.0,F,0.277,0.0366,0.146,0.053
stablecoin_supply::stablecoin_mcap|mom30,0.5,F,0.267,0.0061,0.087,0.021
stablecoin_supply::stablecoin_mcap|mom90,1.5,F,0.24,0.0152,0.06,0.03
stablecoin_supply::stablecoin_mcap|mom7,0.5,F,0.232,0.0002,0.188,0.003
btc_onchain::btc_difficulty|mom30,1.5,F,0.222,0.0216,0.051,0.033
stablecoin_supply::stablecoin_mcap|mom7,1.0,F,0.219,0.0175,0.136,0.029
btc_onchain::btc_miner_rev|mom30,1.5,F,0.199,0.016,0.18,0.025
btc_onchain::btc_price|z30,0.5,F,0.181,-0.0359,0.183,0.034
fear_greed::fng|z90,0.5,F,0.178,-0.032,0.185,0.032
btc_onchain::btc_tx_vol_usd|mom90,1.5,F,0.173,0.0154,0.142,0.021
btc_onchain::btc_hashrate|mom7,1.0,F,0.169,-0.001,0.48,0.005
btc_onchain::btc_hashrate|mom90,1.5,F,0.16,0.0089,0.228,0.015
fear_greed::fng|z30,0.5,F,0.157,-0.0502,0.285,0.035
defillama_tvl_total::total_tvl|mom30,1.5,F,0.138,-0.0068,0.064,0.011
btc_onchain::btc_miner_rev|mom7,1.5,F,0.123,-0.0019,0.174,0.005
btc_onchain::btc_miner_rev|mom90,1.5,F,0.097,-0.0186,0.195,0.013
fear_greed::fng|z30,1.0,F,0.097,-0.0328,0.215,0.018
defillama_tvl_total::total_tvl|z90,0.5,F,0.079,-0.0925,0.096,0.024
defillama_tvl_ethereum::tvl_ethereum|z90,1.0,F,0.075,-0.0608,0.091,0.019
btc_onchain::btc_difficulty|mom90,1.0,F,0.067,-0.0774,0.054,0.019
btc_onchain::btc_tx_vol_usd|mom30,1.0,F,0.059,-0.0215,0.261,0.009
defillama_tvl_total::total_tvl|mom90,1.5,F,0.058,-0.0433,0.075,0.012
btc_onchain::btc_hashrate|mom30,1.5,F,0.057,-0.0127,0.224,0.006
btc_onchain::btc_hashrate|z30,1.5,F,0.057,-0.0187,0.238,0.008
defillama_tvl_ethereum::tvl_ethereum|z90,0.5,F,0.056,-0.1008,0.092,0.018
defillama_tvl_total::total_tvl|z90,1.0,F,0.046,-0.0714,0.091,0.012
defillama_tvl_total::total_tvl|z30,0.5,F,0.045,-0.1032,0.179,0.015
btc_onchain::btc_price|z30,1.0,F,0.044,-0.062,0.144,0.011
defillama_tvl_ethereum::tvl_ethereum|mom90,1.5,F,0.037,-0.0495,0.077,0.008
fear_greed::fng|z90,1.5,F,0.029,-0.0322,0.091,0.005
btc_onchain::btc_difficulty|z30,0.5,F,0.029,-0.1013,0.102,0.009
stablecoin_supply::stablecoin_mcap|z7,1.0,F,0.02,-0.0479,0.286,0.004
defillama_tvl_ethereum::tvl_ethereum|mom30,1.5,F,0.001,-0.0475,0.064,0.0
defillama_tvl_total::total_tvl|z30,1.0,F,-0.013,-0.0856,0.13,-0.004
btc_onchain::btc_active_addr|mom7,1.5,F,-0.019,-0.0383,0.188,-0.004
defillama_tvl_ethereum::tvl_ethereum|z30,0.5,F,-0.023,-0.1325,0.181,-0.008
btc_onchain::btc_miner_rev|mom7,1.0,F,-0.041,-0.0868,0.381,-0.012
stablecoin_supply::stablecoin_mcap|z7,1.5,F,-0.043,-0.0343,0.128,-0.008
btc_onchain::btc_tx_count|mom7,1.5,F,-0.048,-0.0431,0.186,-0.01
btc_onchain::btc_price|z7,1.0,F,-0.055,-0.0932,0.372,-0.017
fear_greed::fng|z30,1.5,F,-0.056,-0.0479,0.114,-0.012
btc_onchain::btc_active_addr|mom7,0.5,F,-0.056,-0.1308,0.558,-0.02
btc_onchain::btc_fees_usd|mom90,1.5,F,-0.056,-0.0501,0.116,-0.013
btc_onchain::btc_hashrate|z90,0.5,F,-0.064,-0.1432,0.644,-0.024
btc_onchain::btc_miner_rev|z90,1.5,F,-0.071,-0.0719,0.196,-0.019
btc_onchain::btc_miner_rev|mom90,1.0,F,-0.077,-0.112,0.279,-0.026
btc_onchain::btc_miner_rev|z90,1.0,F,-0.078,-0.1108,0.3,-0.026
btc_onchain::btc_hashrate|z30,1.0,F,-0.089,-0.0994,0.491,-0.028
btc_onchain::btc_miner_rev|z30,1.0,F,-0.111,-0.1163,0.359,-0.038
defillama_tvl_total::total_tvl|mom90,1.0,F,-0.115,-0.144,0.078,-0.044
btc_onchain::btc_tx_vol_usd|mom30,1.5,F,-0.118,-0.0358,0.13,-0.022
fear_greed::fng|z7,1.5,F,-0.119,-0.0489,0.198,-0.026
btc_onchain::btc_fees_usd|mom30,1.5,F,-0.121,-0.0448,0.104,-0.026
btc_onchain::btc_miner_rev|mom30,0.5,F,-0.129,-0.1777,0.431,-0.054
btc_onchain::btc_price|z7,0.5,F,-0.129,-0.1967,0.423,-0.057
defillama_tvl_ethereum::tvl_ethereum|mom90,1.0,F,-0.13,-0.153,0.077,-0.051
btc_onchain::btc_tx_count|z30,1.5,F,-0.134,-0.0743,0.193,-0.037
btc_onchain::btc_miner_rev|z90,0.5,F,-0.136,-0.1815,0.377,-0.058
btc_onchain::btc_hashrate|mom90,1.0,F,-0.14,-0.1131,0.418,-0.047
btc_onchain::btc_difficulty|z7,0.5,F,-0.14,-0.0269,0.039,-0.023
defillama_tvl_ethereum::tvl_ethereum|mom90,0.5,F,-0.142,-0.1956,0.07,-0.063
btc_onchain::btc_difficulty|z30,1.0,F,-0.142,-0.1094,0.085,-0.047
btc_onchain::btc_price|mom7,1.0,F,-0.143,-0.1196,0.167,-0.049
fear_greed::fng|mom30,0.5,F,-0.145,-0.1863,0.213,-0.062
defillama_tvl_total::total_tvl|z7,1.5,F,-0.156,-0.0629,0.17,-0.039
btc_onchain::btc_difficulty|mom7,1.5,F,-0.177,-0.0923,0.048,-0.054
fear_greed::fng|mom90,0.5,F,-0.177,-0.1948,0.178,-0.078
fear_greed::fng|mom30,1.0,F,-0.179,-0.1319,0.174,-0.065
fear_greed::fng|mom90,1.5,F,-0.196,-0.0815,0.092,-0.056
btc_onchain::btc_fees_usd|mom7,1.5,F,-0.197,-0.0481,0.082,-0.043
fear_greed::fng|z7,0.5,F,-0.198,-0.2087,0.574,-0.091
defillama_tvl_total::total_tvl|mom90,0.5,F,-0.206,-0.2235,0.081,-0.098
defillama_tvl_ethereum::tvl_ethereum|z30,1.0,F,-0.21,-0.1561,0.138,-0.083
defillama_tvl_total::total_tvl|z90,1.5,F,-0.212,-0.1137,0.08,-0.071
btc_onchain::btc_active_addr|mom7,1.0,F,-0.213,-0.1317,0.354,-0.077
btc_onchain::btc_miner_rev|z30,1.5,F,-0.214,-0.1049,0.201,-0.069
btc_onchain::btc_hashrate|mom7,0.5,F,-0.214,-0.2057,0.777,-0.097
btc_onchain::btc_fees_usd|z90,1.5,F,-0.216,-0.0746,0.123,-0.059
fear_greed::fng|mom30,1.5,F,-0.217,-0.0952,0.107,-0.067
btc_onchain::btc_miner_rev|mom30,1.0,F,-0.221,-0.1558,0.315,-0.087
fear_greed::fng|mom90,1.0,F,-0.226,-0.1555,0.145,-0.089
btc_onchain::btc_hashrate|z30,0.5,F,-0.231,-0.2133,0.715,-0.107
defillama_tvl_total::total_tvl|mom30,0.5,F,-0.231,-0.2274,0.119,-0.11
fear_greed::fng|mom7,1.5,F,-0.233,-0.0888,0.111,-0.069
btc_onchain::btc_hashrate|z7,1.5,F,-0.243,-0.1002,0.261,-0.077
btc_onchain::btc_miner_rev|z30,0.5,F,-0.244,-0.2182,0.519,-0.114
defillama_tvl_ethereum::tvl_ethereum|mom30,0.5,F,-0.246,-0.232,0.12,-0.118
btc_onchain::btc_difficulty|mom7,1.0,F,-0.246,-0.1284,0.068,-0.088
defillama_tvl_ethereum::tvl_ethereum|z90,1.5,F,-0.248,-0.1196,0.081,-0.086
btc_onchain::btc_price|mom7,0.5,F,-0.252,-0.222,0.262,-0.119
btc_onchain::btc_difficulty|z7,1.5,F,-0.254,-0.0165,0.027,-0.033
defillama_tvl_ethereum::tvl_ethereum|mom7,1.5,F,-0.254,-0.0985,0.078,-0.08
btc_onchain::btc_tx_vol_usd|mom7,1.5,F,-0.256,-0.067,0.138,-0.066
fear_greed::fng|mom7,1.0,F,-0.263,-0.1392,0.194,-0.098
btc_onchain::btc_fees_usd|mom90,1.0,F,-0.263,-0.1471,0.216,-0.101
defillama_tvl_total::total_tvl|mom7,0.5,F,-0.269,-0.2126,0.232,-0.124
btc_onchain::btc_miner_rev|z7,1.0,F,-0.269,-0.1722,0.536,-0.112
btc_onchain::btc_tx_count|z7,1.5,F,-0.283,-0.1116,0.25,-0.095
btc_onchain::btc_miner_rev|z7,1.5,F,-0.301,-0.1095,0.23,-0.1
btc_onchain::btc_price|z7,1.5,F,-0.317,-0.0889,0.181,-0.095
btc_onchain::btc_difficulty|mom7,0.5,F,-0.318,-0.2235,0.126,-0.15
defillama_tvl_total::total_tvl|mom7,1.5,F,-0.318,-0.1144,0.081,-0.107
defillama_tvl_total::total_tvl|mom30,1.0,F,-0.319,-0.1954,0.102,-0.141
btc_onchain::btc_difficulty|z30,1.5,F,-0.321,-0.1182,0.062,-0.111
btc_onchain::btc_hashrate|z7,0.5,F,-0.337,-0.2499,0.829,-0.169
btc_onchain::btc_hashrate|mom30,1.0,F,-0.348,-0.1736,0.446,-0.145
btc_onchain::btc_tx_count|z30,1.0,F,-0.353,-0.1988,0.406,-0.157
btc_onchain::btc_tx_count|mom30,1.5,F,-0.361,-0.1069,0.196,-0.118
defillama_tvl_ethereum::tvl_ethereum|mom30,1.0,F,-0.366,-0.2085,0.101,-0.167
defillama_tvl_ethereum::tvl_ethereum|z7,1.0,F,-0.373,-0.1961,0.335,-0.165
btc_onchain::btc_hashrate|mom30,0.5,F,-0.373,-0.2574,0.702,-0.189
defillama_tvl_ethereum::tvl_ethereum|z7,1.5,F,-0.375,-0.105,0.176,-0.122
btc_onchain::btc_difficulty|z7,1.0,F,-0.377,-0.0319,0.032,-0.067
defillama_tvl_ethereum::tvl_ethereum|mom7,0.5,F,-0.38,-0.2565,0.243,-0.193
btc_onchain::btc_active_addr|mom30,1.5,F,-0.382,-0.1282,0.233,-0.137
defillama_tvl_ethereum::tvl_ethereum|z7,0.5,F,-0.409,-0.289,0.416,-0.22
btc_onchain::btc_tx_vol_usd|mom90,1.0,F,-0.414,-0.1462,0.317,-0.158
defillama_tvl_total::total_tvl|z7,0.5,F,-0.427,-0.2961,0.409,-0.232
btc_onchain::btc_tx_count|mom7,1.0,F,-0.443,-0.1944,0.394,-0.195
btc_onchain::btc_hashrate|z7,1.0,F,-0.447,-0.2245,0.552,-0.212
defillama_tvl_total::total_tvl|z7,1.0,F,-0.448,-0.2217,0.334,-0.211
fear_greed::fng|mom7,0.5,F,-0.459,-0.2713,0.349,-0.239
btc_onchain::btc_fees_usd|mom90,0.5,F,-0.461,-0.3086,0.307,-0.256
btc_onchain::btc_tx_count|mom7,0.5,F,-0.463,-0.2805,0.63,-0.245
defillama_tvl_ethereum::tvl_ethereum|mom7,1.0,F,-0.475,-0.2107,0.156,-0.218
btc_onchain::btc_active_addr|mom30,1.0,F,-0.481,-0.2235,0.441,-0.227
btc_onchain::btc_active_addr|z30,0.5,F,-0.49,-0.3054,0.596,-0.271
btc_onchain::btc_active_addr|z90,1.5,F,-0.491,-0.1586,0.221,-0.196
btc_onchain::btc_miner_rev|mom7,0.5,F,-0.499,-0.3202,0.61,-0.282
defillama_tvl_total::total_tvl|mom7,1.0,F,-0.531,-0.2313,0.153,-0.255
btc_onchain::btc_active_addr|mom90,1.0,F,-0.532,-0.2264,0.405,-0.253
defillama_tvl_total::total_tvl|z30,1.5,F,-0.532,-0.1677,0.102,-0.218
btc_onchain::btc_fees_usd|z90,1.0,F,-0.535,-0.2182,0.214,-0.25
btc_onchain::btc_tx_count|z90,1.0,F,-0.538,-0.2561,0.369,-0.272
btc_onchain::btc_active_addr|z7,0.5,F,-0.564,-0.3372,0.659,-0.328
btc_onchain::btc_active_addr|z90,0.5,F,-0.57,-0.3224,0.522,-0.324
btc_onchain::btc_tx_count|mom90,1.0,F,-0.572,-0.2396,0.38,-0.28
btc_onchain::btc_tx_vol_usd|mom7,1.0,F,-0.59,-0.1944,0.308,-0.26
btc_onchain::btc_miner_rev|z7,0.5,F,-0.595,-0.3522,0.73,-0.353
btc_onchain::btc_tx_vol_usd|mom90,0.5,F,-0.604,-0.3268,0.577,-0.345
btc_onchain::btc_tx_count|mom30,0.5,F,-0.608,-0.3513,0.559,-0.36
btc_onchain::btc_hashrate|mom90,0.5,F,-0.608,-0.3408,0.594,-0.355
btc_onchain::btc_fees_usd|mom7,0.5,F,-0.613,-0.3057,0.344,-0.339
defillama_tvl_ethereum::tvl_ethereum|z30,1.5,F,-0.63,-0.1913,0.102,-0.276
btc_onchain::btc_tx_count|z7,1.0,F,-0.64,-0.2817,0.485,-0.34
btc_onchain::btc_tx_count|mom90,1.5,F,-0.653,-0.1837,0.224,-0.28
btc_onchain::btc_active_addr|z30,1.5,F,-0.673,-0.1914,0.221,-0.294
btc_onchain::btc_tx_count|mom90,0.5,F,-0.675,-0.3694,0.507,-0.41
btc_onchain::btc_active_addr|mom90,0.5,F,-0.678,-0.3581,0.565,-0.406
btc_onchain::btc_tx_vol_usd|z90,1.5,F,-0.695,-0.1611,0.184,-0.279
btc_onchain::btc_tx_count|z90,0.5,F,-0.718,-0.3896,0.521,-0.448
btc_onchain::btc_fees_usd|z7,1.5,F,-0.721,-0.1823,0.227,-0.308
btc_onchain::btc_active_addr|mom30,0.5,F,-0.725,-0.3673,0.61,-0.439
btc_onchain::btc_fees_usd|z30,1.0,F,-0.732,-0.2529,0.253,-0.368
btc_onchain::btc_active_addr|z30,1.0,F,-0.736,-0.308,0.427,-0.408
btc_onchain::btc_tx_vol_usd|mom7,0.5,F,-0.744,-0.3501,0.568,-0.44
btc_onchain::btc_fees_usd|mom30,1.0,F,-0.746,-0.2348,0.207,-0.361
btc_onchain::btc_tx_count|z30,0.5,F,-0.752,-0.4042,0.58,-0.478
btc_onchain::btc_fees_usd|z30,0.5,F,-0.758,-0.3753,0.36,-0.464
btc_onchain::btc_active_addr|mom90,1.5,F,-0.765,-0.2014,0.239,-0.343
btc_onchain::btc_tx_count|z90,1.5,F,-0.802,-0.2056,0.198,-0.364
btc_onchain::btc_tx_vol_usd|z30,1.5,F,-0.825,-0.1623,0.161,-0.333
btc_onchain::btc_tx_vol_usd|z7,1.5,F,-0.833,-0.1813,0.224,-0.355
btc_onchain::btc_fees_usd|mom7,1.0,F,-0.841,-0.2446,0.177,-0.416
btc_onchain::btc_fees_usd|z90,0.5,F,-0.846,-0.4169,0.297,-0.546
btc_onchain::btc_fees_usd|z7,0.5,F,-0.868,-0.4379,0.558,-0.574
btc_onchain::btc_fees_usd|z30,1.5,F,-0.888,-0.1818,0.121,-0.379
btc_onchain::btc_active_addr|z90,1.0,F,-0.891,-0.3311,0.394,-0.513
btc_onchain::btc_active_addr|z7,1.0,F,-0.897,-0.3349,0.493,-0.519
btc_onchain::btc_tx_count|z7,0.5,F,-0.898,-0.4546,0.682,-0.605
fear_greed::fng|z7,1.0,F,-0.902,-0.3237,0.434,-0.513
btc_onchain::btc_tx_count|mom30,1.0,F,-0.904,-0.3337,0.389,-0.522
btc_onchain::btc_active_addr|z7,1.5,F,-0.911,-0.2328,0.28,-0.44
btc_onchain::btc_tx_vol_usd|mom30,0.5,F,-0.935,-0.4204,0.584,-0.606
btc_onchain::btc_tx_vol_usd|z90,0.5,F,-0.974,-0.428,0.534,-0.637
btc_onchain::btc_tx_vol_usd|z30,0.5,F,-0.982,-0.4268,0.583,-0.641
btc_onchain::btc_fees_usd|z7,1.0,F,-1.03,-0.3724,0.436,-0.629
btc_onchain::btc_tx_vol_usd|z7,0.5,F,-1.055,-0.4625,0.646,-0.717
btc_onchain::btc_tx_vol_usd|z7,1.0,F,-1.106,-0.3809,0.504,-0.683
btc_onchain::btc_fees_usd|mom30,0.5,F,-1.15,-0.4892,0.343,-0.804
btc_onchain::btc_tx_vol_usd|z30,1.0,F,-1.151,-0.361,0.406,-0.691
btc_onchain::btc_tx_vol_usd|z90,1.0,F,-1.173,-0.3726,0.379,-0.716
