w,top,hold,grade,sharpe,fitness,ann_ret,turn_d,good
10,0.05,1,A,2.486,2.484,0.9989,0.181,True
42,0.05,1,A,2.474,2.481,1.0056,0.073,True
63,0.05,1,A,2.448,2.444,0.997,0.059,True
21,0.05,1,A,2.426,2.388,0.9689,0.109,True
42,0.05,2,A,2.398,2.353,0.9626,0.062,True
10,0.05,2,A,2.409,2.351,0.9524,0.137,True
63,0.05,2,A,2.381,2.329,0.957,0.051,True
21,0.05,2,A,2.382,2.311,0.9418,0.086,True
10,0.05,3,A,2.341,2.234,0.9101,0.12,True
42,0.05,3,A,2.314,2.207,0.9098,0.056,True
63,0.05,3,A,2.294,2.185,0.9067,0.048,True
21,0.05,3,A,2.26,2.113,0.8742,0.077,True
10,0.05,5,A,2.254,2.108,0.8745,0.101,True
42,0.05,5,A,2.234,2.086,0.8724,0.05,True
21,0.05,5,A,2.233,2.07,0.8596,0.068,True
63,0.05,5,A,2.22,2.069,0.8693,0.044,True
42,0.1,1,B,1.851,1.451,0.6143,0.06,True
21,0.1,1,B,1.831,1.425,0.6059,0.088,True
63,0.1,1,B,1.811,1.401,0.5981,0.049,True
21,0.1,2,B,1.798,1.384,0.5927,0.071,True
42,0.1,2,B,1.797,1.381,0.5907,0.05,True
10,0.1,2,B,1.785,1.363,0.5836,0.115,True
10,0.1,1,B,1.779,1.355,0.5802,0.152,True
63,0.1,2,B,1.772,1.351,0.5811,0.042,True
42,0.1,3,B,1.753,1.324,0.5705,0.046,True
10,0.1,3,B,1.741,1.305,0.5625,0.1,True
21,0.1,3,B,1.732,1.299,0.5629,0.064,True
63,0.1,3,B,1.73,1.298,0.5628,0.039,True
42,0.1,5,B,1.705,1.266,0.5512,0.042,True
10,0.1,5,B,1.704,1.262,0.5489,0.085,True
21,0.1,5,B,1.696,1.256,0.548,0.056,True
63,0.1,5,B,1.687,1.247,0.5463,0.036,True
42,0.15,1,B,1.605,1.121,0.4877,0.055,True
42,0.15,2,B,1.578,1.09,0.4771,0.046,True
63,0.15,1,B,1.568,1.08,0.4738,0.046,True
42,0.15,3,B,1.549,1.056,0.4651,0.042,True
63,0.15,2,B,1.544,1.052,0.4643,0.039,True
21,0.15,1,B,1.537,1.046,0.4628,0.082,True
21,0.15,2,B,1.529,1.037,0.4597,0.065,True
42,0.15,5,B,1.529,1.035,0.458,0.038,True
10,0.15,2,B,1.51,1.014,0.4508,0.106,True
10,0.15,1,B,1.505,1.009,0.4493,0.138,True
63,0.15,3,B,1.505,1.008,0.4486,0.036,True
21,0.15,3,C,1.493,0.996,0.445,0.059,False
10,0.15,3,C,1.492,0.993,0.4428,0.091,False
10,0.15,5,C,1.477,0.979,0.4391,0.078,False
21,0.15,5,C,1.472,0.975,0.4388,0.052,False
63,0.15,5,C,1.471,0.972,0.4366,0.034,False
