top,reb,lev,理想_sh,理想_年化,现实_sh,现实_年化,现实_OS_sh,爆仓次数
15,14,2.0,7.39,0.1279,5.72,0.0944,2.54,229
10,14,2.0,7.05,0.1305,4.91,0.0926,0.98,185
15,7,2.0,6.27,0.114,4.81,0.0831,0.82,213
15,14,3.0,7.39,0.1279,4.48,0.075,0.77,356
10,7,2.0,5.61,0.1097,3.75,0.073,-0.99,175
10,14,3.0,7.05,0.1305,3.68,0.0714,-0.47,289
15,7,3.0,6.27,0.114,3.41,0.0594,-1.26,381
5,14,2.0,6.34,0.1232,3.34,0.0757,-0.65,116
15,3,2.0,3.82,0.0744,2.54,0.0461,-3.44,208
15,14,5.0,7.39,0.1279,2.28,0.0403,-1.73,595
5,7,2.0,4.57,0.097,2.02,0.0474,-2.57,126
5,14,3.0,6.34,0.1232,2.0,0.048,-1.8,179
10,7,3.0,5.61,0.1097,1.97,0.0415,-2.72,327
10,14,5.0,7.05,0.1305,1.3,0.027,-2.84,510
15,3,3.0,3.82,0.0744,1.19,0.0215,-4.8,396
15,7,5.0,6.27,0.114,1.0,0.018,-3.81,672
10,3,2.0,2.62,0.0556,0.66,0.0141,-5.24,194
5,7,3.0,4.57,0.097,0.26,0.007,-3.62,214
5,14,5.0,6.34,0.1232,0.2,0.005,-3.09,286
10,7,5.0,5.61,0.1097,-0.48,-0.0112,-4.49,598
10,3,3.0,2.62,0.0556,-0.5,-0.0113,-6.2,337
5,3,2.0,1.27,0.0294,-0.94,-0.0248,-6.31,137
15,3,5.0,3.82,0.0744,-1.33,-0.0257,-6.52,757
5,7,5.0,4.57,0.097,-1.45,-0.0438,-4.91,361
5,3,3.0,1.27,0.0294,-2.24,-0.0665,-7.0,240
10,3,5.0,2.62,0.0556,-2.82,-0.0685,-7.53,647
5,3,5.0,1.27,0.0294,-4.11,-0.1319,-7.91,436
