sharpe,ann,vol,turn,IS,OS,liq,fund_part,basis_part,cost_part,top,reb,lev
5.792,0.7603,0.0985,0.041,6.08,5.61,337,0.83,0.74,-0.252,20,28,3.0
5.562,0.7371,0.1002,0.063,5.98,4.95,392,0.877,0.574,-0.345,20,14,3.0
4.478,0.4649,0.0861,0.034,4.63,4.94,173,0.876,0.579,-0.171,20,28,1.5
4.791,0.5489,0.0922,0.036,5.05,4.81,227,0.861,0.605,-0.197,20,28,2.0
5.175,0.71,0.1048,0.048,5.51,4.77,333,0.845,0.575,-0.292,15,28,3.0
5.097,0.7375,0.1096,0.075,5.43,4.61,394,0.901,0.532,-0.408,15,14,3.0
4.37,0.5414,0.1002,0.042,4.61,4.4,215,0.879,0.612,-0.226,15,28,2.0
4.053,0.4546,0.0935,0.039,4.16,4.33,166,0.898,0.519,-0.199,15,28,1.5
5.226,0.5057,0.0789,0.057,5.89,4.08,253,0.905,0.413,-0.277,20,14,2.0
4.701,0.5107,0.0886,0.067,5.19,3.94,250,0.929,0.473,-0.328,15,14,2.0
5.072,0.4087,0.068,0.054,5.75,3.9,184,0.925,0.387,-0.245,20,14,1.5
5.19,0.6965,0.1029,0.106,6.19,3.71,428,0.913,0.447,-0.505,20,7,3.0
4.504,0.4407,0.0818,0.064,5.03,3.6,180,0.951,0.414,-0.293,15,14,1.5
4.546,0.6305,0.1089,0.124,5.24,3.51,418,0.948,0.34,-0.591,15,7,3.0
4.723,0.3963,0.0712,0.096,5.47,3.38,182,0.973,0.347,-0.394,20,7,1.5
4.243,0.6876,0.1252,0.061,4.94,3.2,300,0.865,0.402,-0.371,10,28,3.0
3.819,0.6211,0.1287,0.094,4.34,2.96,355,0.948,0.233,-0.51,10,14,3.0
4.465,0.4882,0.09,0.099,5.36,2.92,261,0.95,0.308,-0.43,20,7,2.0
3.687,0.4981,0.1113,0.053,4.2,2.8,196,0.91,0.407,-0.288,10,28,2.0
4.016,0.4515,0.0939,0.115,4.8,2.7,241,0.99,0.323,-0.498,15,7,2.0
3.294,0.5426,0.1343,0.163,3.84,2.64,403,0.976,0.182,-0.79,10,7,3.0
3.846,0.3397,0.0768,0.112,4.54,2.6,164,1.01,0.285,-0.458,15,7,1.5
3.179,0.4026,0.1082,0.049,3.53,2.58,146,0.936,0.355,-0.249,10,28,1.5
3.306,0.4043,0.1044,0.086,4.04,2.14,228,0.983,0.211,-0.418,10,14,2.0
2.9,0.3768,0.1124,0.15,3.71,1.91,219,1.036,0.171,-0.649,10,7,2.0
2.913,0.3031,0.0923,0.081,3.69,1.81,161,1.008,0.149,-0.369,10,14,1.5
2.52,0.2786,0.0995,0.146,3.32,1.34,145,1.066,0.135,-0.604,10,7,1.5
