factor,top,hold,grade,sharpe,fitness,ann_ret,turn_d,good
mom30,0.1,7,D,0.807,0.476,-0.3489,0.866,False
mom60,0.1,7,D,0.587,0.447,-0.5803,0.708,False
mom60,0.1,3,F,0.493,0.408,-0.6845,0.962,False
mom30,0.1,3,D,0.671,0.406,-0.5461,1.221,False
mom120,0.1,3,F,0.408,0.353,-0.7476,0.718,False
mom30,0.2,7,D,0.573,0.333,-0.994,1.715,False
mom60,0.2,7,F,0.458,0.312,-0.9607,1.437,False
mom120,0.1,7,F,0.369,0.312,-0.714,0.571,False
vol20,0.1,7,F,0.319,0.299,-0.8804,0.739,False
mom60,0.1,1,F,0.466,0.271,-0.7264,1.464,False
mom10,0.1,7,F,0.345,0.27,-0.9411,1.24,False
mom120,0.1,1,F,0.293,0.25,-0.7962,1.049,False
mom120,0.2,7,F,0.289,0.241,-0.9744,1.184,False
mom30,0.1,1,F,0.579,0.231,-0.6247,1.979,False
mom20,0.1,3,F,0.337,0.226,-0.8895,1.404,False
mom5,0.1,3,F,0.565,0.225,-0.8634,2.33,False
mom10,0.1,3,F,0.41,0.214,-0.8896,1.805,False
vol10,0.1,7,F,0.219,0.209,-0.9078,0.991,False
vol20,0.1,1,F,0.261,0.209,-0.9249,1.2,False
mom120,0.2,3,F,0.294,0.205,-0.9791,1.419,False
mom60,0.2,3,F,0.359,0.196,-0.9902,1.821,False
vol20,0.1,3,F,0.194,0.188,-0.9378,0.933,False
mom30,0.3,7,F,0.555,0.185,-0.9991,2.994,False
mom30,0.2,3,F,0.387,0.175,-0.9958,2.207,False
mom60,0.3,3,F,0.441,0.162,-0.9995,2.713,False
mom120,0.2,1,F,0.28,0.146,-0.9815,1.904,False
vol60,0.1,7,F,0.147,0.146,-0.9902,0.665,False
mom20,0.2,7,F,0.249,0.132,-0.9899,1.874,False
mom20,0.1,7,F,0.138,0.131,-0.9245,1.016,False
mom10,0.2,7,F,0.287,0.125,-0.9955,2.295,False
mom20,0.3,7,F,0.337,0.116,-0.9998,2.9,False
mom30,0.3,3,F,0.426,0.115,-0.9998,3.705,False
mom60,0.3,7,F,0.226,0.094,-0.9993,2.4,False
vol10,0.1,1,F,0.16,0.08,-0.9275,1.926,False
mom5,0.2,3,F,0.31,0.076,-0.991,4.066,False
mom20,0.3,3,F,0.261,0.072,-0.9997,3.643,False
mom20,0.2,3,F,0.159,0.064,-0.9938,2.476,False
vol60,0.1,3,F,0.064,0.064,-0.9817,0.588,False
mom20,0.1,1,F,0.138,0.057,-0.9283,2.324,False
mom10,0.3,7,F,0.205,0.056,-0.9994,3.661,False
vol60,0.3,1,F,0.128,0.056,-0.9999,2.284,False
rev5,0.1,7,F,0.079,0.055,-0.9717,1.43,False
mom60,0.3,1,F,0.157,0.042,-0.9997,3.71,False
vol60,0.3,7,F,0.076,0.04,-0.9997,1.928,False
vol60,0.3,3,F,0.069,0.033,-0.9999,2.087,False
vol60,0.1,1,F,0.033,0.032,-0.983,0.696,False
mom5,0.3,3,F,0.163,0.03,-0.9982,5.5,False
mom30,0.2,1,F,0.099,0.03,-0.9949,3.296,False
mom20,0.3,1,F,0.152,0.028,-0.9994,5.425,False
mom5,0.1,7,F,0.029,0.021,-0.9404,1.38,False
rev120,0.1,7,F,0.021,0.02,-0.8552,0.591,False
vol60,0.2,7,F,0.024,0.018,-0.9991,1.342,False
mom30,0.3,1,F,0.093,0.017,-0.9999,5.498,False
mom5,0.1,1,F,0.056,0.014,-0.949,4.02,False
mom10,0.1,1,F,0.044,0.014,-0.9387,3.009,False
mom20,0.2,1,F,0.032,0.008,-0.9962,3.816,False
mom60,0.2,1,F,0.013,0.004,-0.9944,3.511,False
vol60,0.2,1,F,-0.005,-0.003,-0.9993,1.589,False
vol60,0.2,3,F,-0.009,-0.006,-0.9992,1.494,False
rev60,0.2,7,F,-0.378,-0.007,-0.998,55.239,False
mom10,0.2,3,F,-0.028,-0.009,-0.9963,3.105,False
vol20,0.3,1,F,-0.367,-0.012,-1.0,30.93,False
mom120,0.3,1,F,-0.045,-0.014,-0.9997,3.284,False
mom120,0.3,3,F,-0.073,-0.018,-0.9995,3.999,False
mom10,0.3,3,F,-0.118,-0.025,-1.0,4.78,False
mom5,0.2,7,F,-0.087,-0.031,-0.9963,2.747,False
vol10,0.1,3,F,-0.05,-0.037,-0.9788,1.329,False
mom120,0.3,7,F,-0.125,-0.041,-0.9995,3.052,False
vol10,0.2,7,F,-0.111,-0.048,-0.9998,2.313,False
vol10,0.3,1,F,-0.243,-0.053,-1.0,4.572,False
vol20,0.3,7,F,-0.173,-0.055,-1.0,3.156,False
vol20,0.2,7,F,-0.087,-0.057,-0.9995,1.525,False
mom10,0.2,1,F,-0.289,-0.058,-0.9989,4.946,False
vol10,0.2,1,F,-0.191,-0.059,-0.9995,3.243,False
mom5,0.2,1,F,-0.382,-0.059,-0.9968,6.504,False
vol20,0.3,3,F,-0.203,-0.059,-1.0,3.433,False
vol10,0.3,3,F,-0.257,-0.067,-1.0,3.838,False
mom10,0.3,1,F,-0.494,-0.071,-1.0,6.917,False
mom5,0.3,1,F,-0.638,-0.073,-0.9999,8.695,False
rev20,0.1,7,F,-0.085,-0.079,-0.9366,1.04,False
vol20,0.2,3,F,-0.152,-0.083,-0.9997,1.835,False
rev5,0.2,7,F,-0.217,-0.083,-0.9982,2.626,False
rev120,0.1,3,F,-0.097,-0.092,-0.8966,0.741,False
mom5,0.3,7,F,-0.388,-0.1,-1.0,3.89,False
vol10,0.3,7,F,-0.346,-0.11,-1.0,3.145,False
vol20,0.2,1,F,-0.257,-0.111,-0.9999,2.315,False
vol10,0.2,3,F,-0.315,-0.115,-0.9997,2.731,False
rev5,0.3,7,F,-0.727,-0.132,-1.0,5.492,False
rev10,0.1,3,F,-0.289,-0.151,-0.9687,1.878,False
rev10,0.3,1,F,-1.215,-0.17,-1.0,7.148,False
rev10,0.3,3,F,-0.867,-0.177,-1.0,4.9,False
rev5,0.3,1,F,-1.704,-0.191,-1.0,8.907,False
rev20,0.2,7,F,-0.422,-0.192,-0.9997,2.195,False
rev10,0.2,3,F,-0.652,-0.203,-0.9998,3.208,False
rev10,0.3,7,F,-0.849,-0.209,-1.0,4.067,False
rev120,0.3,7,F,-0.406,-0.209,-0.9999,1.941,False
rev10,0.2,1,F,-1.057,-0.209,-1.0,5.063,False
rev5,0.2,1,F,-1.423,-0.213,-1.0,6.686,False
rev20,0.1,1,F,-0.515,-0.215,-0.9895,2.38,False
rev5,0.3,3,F,-1.592,-0.218,-1.0,7.296,False
rev20,0.3,1,F,-1.278,-0.22,-1.0,5.818,False
rev5,0.1,1,F,-0.96,-0.227,-0.9986,4.225,False
rev20,0.2,1,F,-0.933,-0.233,-1.0,4.0,False
rev60,0.3,1,F,-0.847,-0.235,-1.0,3.608,False
rev20,0.3,3,F,-1.064,-0.236,-1.0,4.517,False
rev10,0.1,7,F,-0.315,-0.244,-0.9679,1.271,False
rev10,0.1,1,F,-0.803,-0.251,-0.9961,3.198,False
rev20,0.3,7,F,-0.959,-0.257,-1.0,3.732,False
rev60,0.1,7,F,-0.267,-0.257,-0.9229,0.741,False
rev120,0.3,1,F,-0.822,-0.263,-1.0,3.131,False
rev120,0.3,3,F,-0.605,-0.265,-1.0,2.28,False
rev60,0.3,3,F,-0.75,-0.272,-1.0,2.754,False
rev30,0.3,1,F,-1.297,-0.272,-1.0,4.765,False
rev20,0.2,3,F,-0.779,-0.275,-1.0,2.828,False
rev60,0.1,1,F,-0.452,-0.278,-0.9658,1.595,False
rev20,0.1,3,F,-0.415,-0.281,-0.9823,1.466,False
rev10,0.2,7,F,-0.679,-0.286,-0.9996,2.373,False
rev120,0.1,1,F,-0.33,-0.297,-0.933,1.075,False
rev60,0.3,7,F,-0.727,-0.298,-1.0,2.439,False
rev30,0.3,3,F,-1.216,-0.303,-1.0,4.006,False
rev5,0.2,3,F,-1.293,-0.317,-0.9999,4.079,False
rev60,0.2,1,F,-0.89,-0.327,-0.9994,2.722,False
rev120,0.2,1,F,-0.643,-0.339,-0.9992,1.897,False
rev30,0.1,1,F,-0.713,-0.34,-0.984,2.079,False
rev30,0.2,1,F,-1.199,-0.35,-1.0,3.424,False
rev30,0.3,7,F,-1.111,-0.358,-1.0,3.102,False
rev30,0.2,3,F,-0.866,-0.362,-0.9999,2.392,False
rev120,0.2,7,F,-0.445,-0.378,-0.99,1.172,False
rev60,0.2,3,F,-0.722,-0.394,-0.9989,1.83,False
rev30,0.2,7,F,-0.954,-0.398,-1.0,2.395,False
rev120,0.2,3,F,-0.587,-0.402,-0.9991,1.462,False
rev5,0.1,3,F,-1.071,-0.445,-0.9974,2.405,False
rev60,0.1,3,F,-0.472,-0.462,-0.9571,0.991,False
rev30,0.1,3,F,-0.619,-0.478,-0.9787,1.28,False
rev30,0.1,7,F,-0.519,-0.516,-0.9892,0.957,False
