N,long_only,target_vol,grade,sharpe,ann_ret,turn_d,fitness
20,True,0.3,D,0.859,0.2063,0.178,0.39
20,True,0.5,D,0.833,0.2951,0.272,0.453
100,True,0.3,F,0.73,0.1657,0.092,0.297
20,False,0.3,F,0.691,0.129,0.096,0.248
20,False,0.5,F,0.672,0.1846,0.15,0.289
100,True,0.5,F,0.656,0.2008,0.138,0.294
200,True,0.3,F,0.638,0.1359,0.077,0.235
200,True,0.5,F,0.62,0.1805,0.111,0.263
50,True,0.3,F,0.561,0.1143,0.124,0.19
10,True,0.3,F,0.554,0.1188,0.235,0.191
50,True,0.5,F,0.533,0.1415,0.188,0.201
10,True,0.5,F,0.517,0.1387,0.357,0.193
50,False,0.3,F,0.418,0.066,0.066,0.107
50,False,0.5,F,0.402,0.0812,0.103,0.114
10,False,0.3,F,0.369,0.0568,0.134,0.088
10,False,0.5,F,0.349,0.0633,0.21,0.088
200,False,0.5,F,0.335,0.0572,0.064,0.08
200,False,0.3,F,0.334,0.0458,0.041,0.071
100,False,0.3,F,0.114,0.0031,0.05,0.006
100,False,0.5,F,0.112,-0.0154,0.077,0.014
