变体,ΔSharpe,日均差,年化效果,t值,显著
1a 等权+截断@0.20(BRAIN),0.0,0.0,0.0,0.0,完全相同
1a 等权+截断@0.20(strict),0.04,-2e-06,-0.08,-1.28,否(噪声)
1a 等权+截断@0.10(BRAIN),0.0,0.0,0.0,0.0,完全相同
1a 等权+截断@0.10(strict),0.14,-5e-06,-0.17,-1.71,否(噪声)
1a 等权+截断@0.07(BRAIN),0.0,0.0,0.0,0.0,完全相同
1a 等权+截断@0.07(strict),0.22,-1.4e-05,-0.5,-3.77,恶化
1a 等权+截断@0.05(BRAIN),0.0,0.0,0.0,0.0,完全相同
1a 等权+截断@0.05(strict),0.45,-8.4e-05,-3.07,-13.58,恶化
1b 信号加权(无截断),-0.1,5e-06,0.2,2.56,改善
1b 信号加权+截断@0.30(BRAIN),-0.08,6e-06,0.21,2.86,改善
1b 信号加权+截断@0.30(strict),-0.07,3e-06,0.12,1.42,否(噪声)
1b 信号加权+截断@0.20(BRAIN),-0.07,6e-06,0.22,3.2,改善
1b 信号加权+截断@0.20(strict),-0.01,4e-06,0.15,1.69,否(噪声)
1b 信号加权+截断@0.15(BRAIN),-0.06,6e-06,0.22,3.47,改善
1b 信号加权+截断@0.15(strict),0.01,3e-06,0.13,1.31,否(噪声)
1b 信号加权+截断@0.10(BRAIN),-0.04,6e-06,0.22,4.08,改善
1b 信号加权+截断@0.10(strict),0.12,2e-06,0.07,0.6,否(噪声)
1b 信号加权+截断@0.07(BRAIN),-0.03,4e-06,0.16,3.84,改善
1b 信号加权+截断@0.07(strict),0.22,-1.2e-05,-0.44,-3.26,恶化
2A 信号demean(市值代理3档),-0.35,-1e-06,-0.02,-0.11,否(噪声)
2A 信号rank(市值代理3档),0.08,1.4e-05,0.51,3.63,改善
2A 信号demean(市值代理5档),-0.27,2e-06,0.09,0.5,否(噪声)
2A 信号rank(市值代理5档),0.02,1.3e-05,0.48,3.57,改善
2A 信号demean(BTC-beta3档),-0.3,1e-06,0.02,0.13,否(噪声)
2A 信号rank(BTC-beta3档),0.11,1.5e-05,0.54,3.53,改善
2A 信号demean(板块),-0.89,-2.5e-05,-0.93,-4.93,恶化
2A 信号rank(板块),-0.17,-1e-06,-0.02,-0.14,否(噪声)
3B 权重demean(市值代理3档),-2.74,-0.000228,-8.32,-16.05,恶化
3B 权重pair(市值代理3档),-0.46,-0.000157,-5.74,-13.87,恶化
3B 权重demean(市值代理5档),-2.75,-0.000224,-8.16,-15.59,恶化
3B 权重pair(市值代理5档),-0.45,-0.000155,-5.64,-13.78,恶化
3B 权重demean(BTC-beta3档),-2.8,-0.000228,-8.33,-16.37,恶化
3B 权重pair(BTC-beta3档),-0.56,-0.000161,-5.87,-14.16,恶化
3B 权重demean(板块),-2.86,-0.000226,-8.24,-18.69,恶化
3B 权重pair(板块),-5.46,-0.00029,-10.57,-19.73,恶化
3B 权重demean(单一组=全局),-1.61,-0.000204,-7.44,-17.37,恶化
5 demean+市值代理3档+截断@0.20,-2.73,-0.000229,-8.35,-16.04,恶化
5 demean+市值代理3档+截断@0.15,-2.7,-0.000228,-8.34,-15.99,恶化
5 demean+市值代理3档+截断@0.10,-2.64,-0.000228,-8.33,-15.92,恶化
5 pair+市值代理3档+截断@0.20,-0.46,-0.000157,-5.74,-13.87,恶化
5 pair+市值代理3档+截断@0.15,-0.46,-0.000157,-5.74,-13.87,恶化
5 pair+市值代理3档+截断@0.10,-0.46,-0.000157,-5.74,-13.87,恶化
5 demean+板块+截断@0.20,-2.92,-0.000227,-8.3,-18.78,恶化
5 demean+板块+截断@0.15,-2.9,-0.000227,-8.3,-18.74,恶化
5 demean+板块+截断@0.10,-2.84,-0.000227,-8.28,-18.62,恶化
