变体,Sharpe,年化,波动,MaxDD,IS,OS,换手,净暴露,毛暴露,单名均值,资金费,基差
0 基线 long-only top15,7.03,12.4,1.66,2.77,8.36,4.84,0.055,0.978,0.978,0.1152,1.0171,0.0
1a 等权+截断@0.20(BRAIN),7.03,12.4,1.66,2.77,8.36,4.84,0.055,0.978,0.978,0.1152,1.0171,0.0
1a 等权+截断@0.20(strict),7.07,12.3,1.64,2.54,8.31,5.17,0.052,0.939,0.939,0.0857,0.9983,0.0
1a 等权+截断@0.10(BRAIN),7.03,12.4,1.66,2.77,8.36,4.84,0.055,0.978,0.978,0.1152,1.0171,0.0
1a 等权+截断@0.10(strict),7.17,12.2,1.6,2.25,8.3,5.72,0.046,0.893,0.893,0.0738,0.9724,0.0
1a 等权+截断@0.07(BRAIN),7.03,12.4,1.66,2.77,8.36,4.84,0.055,0.978,0.978,0.1152,1.0171,0.0
1a 等权+截断@0.07(strict),7.25,11.8,1.54,1.85,8.26,6.24,0.039,0.827,0.827,0.065,0.9249,0.0
1a 等权+截断@0.05(BRAIN),7.03,12.4,1.66,2.77,8.36,4.84,0.055,0.978,0.978,0.1152,1.0171,0.0
1a 等权+截断@0.05(strict),7.48,9.0,1.15,1.35,8.43,6.74,0.028,0.632,0.632,0.0488,0.7034,0.0
1b 信号加权(无截断),6.93,12.6,1.71,3.0,8.38,4.35,0.066,0.978,0.978,0.1765,1.0679,0.0
1b 信号加权+截断@0.30(BRAIN),6.95,12.6,1.71,3.0,8.41,4.36,0.065,0.978,0.978,0.1697,1.0677,0.0
1b 信号加权+截断@0.30(strict),6.96,12.5,1.7,2.8,8.36,4.56,0.063,0.95,0.95,0.1405,1.0526,0.0
1b 信号加权+截断@0.20(BRAIN),6.96,12.6,1.71,3.0,8.43,4.36,0.065,0.978,0.978,0.1614,1.0666,0.0
1b 信号加权+截断@0.20(strict),7.02,12.5,1.69,2.64,8.38,4.73,0.061,0.939,0.939,0.1249,1.0466,0.0
1b 信号加权+截断@0.15(BRAIN),6.97,12.6,1.71,3.03,8.44,4.36,0.064,0.978,0.978,0.1533,1.0649,0.0
1b 信号加权+截断@0.15(strict),7.04,12.5,1.68,2.62,8.38,4.88,0.058,0.924,0.924,0.112,1.0352,0.0
1b 信号加权+截断@0.10(BRAIN),6.99,12.6,1.7,3.02,8.44,4.43,0.063,0.978,0.978,0.1392,1.0585,0.0
1b 信号加权+截断@0.10(strict),7.15,12.4,1.64,2.38,8.39,5.36,0.051,0.893,0.893,0.089,1.0062,0.0
1b 信号加权+截断@0.07(BRAIN),7.0,12.5,1.69,2.95,8.43,4.54,0.06,0.978,0.978,0.1276,1.0461,0.0
1b 信号加权+截断@0.07(strict),7.25,11.9,1.55,1.79,8.28,6.21,0.04,0.826,0.826,0.0672,0.9316,0.0
2A 信号demean(市值代理3档),6.68,12.3,1.75,2.49,7.97,4.54,0.064,0.94,0.94,0.1109,1.0454,0.0
2A 信号rank(市值代理3档),7.11,12.9,1.71,2.35,8.44,5.03,0.06,0.984,0.984,0.1208,1.0684,0.0
2A 信号demean(市值代理5档),6.76,12.5,1.74,2.34,8.02,4.78,0.061,0.94,0.94,0.1087,1.043,0.0
2A 信号rank(市值代理5档),7.05,12.9,1.72,2.17,8.31,5.21,0.06,0.984,0.984,0.1186,1.0658,0.0
2A 信号demean(BTC-beta3档),6.73,12.4,1.74,2.42,8.04,4.55,0.063,0.94,0.94,0.1138,1.0467,0.0
2A 信号rank(BTC-beta3档),7.14,13.0,1.71,2.1,8.41,5.29,0.058,0.978,0.978,0.1184,1.0655,0.0
2A 信号demean(板块),6.14,11.3,1.75,3.67,7.64,3.23,0.071,0.962,0.962,0.1482,1.0084,0.0
2A 信号rank(板块),6.86,12.3,1.7,2.6,8.23,4.56,0.059,0.984,0.984,0.1283,1.027,0.0
3B 权重demean(市值代理3档),4.29,3.4,0.78,1.93,6.67,-0.44,0.057,-0.008,0.978,0.0794,0.4393,0.0
3B 权重pair(市值代理3档),6.57,6.1,0.9,0.9,8.9,1.49,0.044,0.025,0.978,0.0416,0.5728,0.0
3B 权重demean(市值代理5档),4.28,3.6,0.82,1.92,6.64,-0.49,0.059,0.046,0.978,0.0909,0.4562,0.0
3B 权重pair(市值代理5档),6.58,6.2,0.92,0.91,8.89,1.54,0.045,0.059,0.978,0.0555,0.5859,0.0
3B 权重demean(BTC-beta3档),4.23,3.4,0.79,1.88,6.39,-0.14,0.056,0.0,0.973,0.0806,0.4363,0.0
3B 权重pair(BTC-beta3档),6.47,6.0,0.9,0.89,8.73,1.53,0.043,0.035,0.973,0.0402,0.5618,0.0
3B 权重demean(板块),4.17,3.5,0.83,3.22,7.23,-1.19,0.058,0.0,0.978,0.0854,0.4502,0.0
3B 权重pair(板块),1.57,1.1,0.7,6.71,4.66,-3.55,0.051,-0.215,0.978,0.0789,0.2616,0.0
3B 权重demean(单一组=全局),5.42,4.3,0.78,1.88,8.34,-0.15,0.049,0.0,0.978,0.06,0.4733,0.0
5 demean+市值代理3档+截断@0.20,4.3,3.4,0.78,1.76,6.58,-0.3,0.056,-0.034,0.978,0.0684,0.434,0.0
5 demean+市值代理3档+截断@0.15,4.33,3.4,0.77,1.71,6.61,-0.26,0.055,-0.043,0.978,0.0662,0.433,0.0
5 demean+市值代理3档+截断@0.10,4.39,3.4,0.76,1.63,6.63,-0.2,0.055,-0.058,0.978,0.0633,0.4307,0.0
5 pair+市值代理3档+截断@0.20,6.57,6.1,0.9,0.9,8.9,1.49,0.044,0.025,0.978,0.0416,0.5728,0.0
5 pair+市值代理3档+截断@0.15,6.57,6.1,0.9,0.9,8.9,1.49,0.044,0.025,0.978,0.0416,0.5728,0.0
5 pair+市值代理3档+截断@0.10,6.57,6.1,0.9,0.9,8.9,1.49,0.044,0.025,0.978,0.0416,0.5728,0.0
5 demean+板块+截断@0.20,4.11,3.4,0.82,3.16,7.13,-1.17,0.058,-0.022,0.978,0.0753,0.4439,0.0
5 demean+板块+截断@0.15,4.13,3.4,0.82,3.13,7.15,-1.16,0.057,-0.029,0.978,0.0729,0.443,0.0
5 demean+板块+截断@0.10,4.19,3.5,0.81,3.04,7.21,-1.12,0.057,-0.041,0.978,0.0696,0.4416,0.0
