liq,rev_w,rev_n,hold,top,grade,sharpe,fitness,ann_ret,turnover,good
illiq,0.0,0,1,0.1,B,1.831,1.425,0.6059,0.09,True
illiq,0.0,0,5,0.1,B,1.696,1.256,0.548,0.06,True
dollarvol,0.0,0,5,0.1,B,1.699,1.197,0.4962,0.14,True
dollarvol,0.0,0,10,0.1,B,1.57,1.049,0.4459,0.08,True
illiq,0.0,0,10,0.1,B,1.493,1.015,0.4619,0.05,True
dollarvol,0.0,0,1,0.1,C,1.438,0.913,0.4028,0.44,False
turnover,0.0,0,5,0.1,C,1.389,0.896,0.4161,0.12,False
illiq,0.0,0,1,0.2,C,1.387,0.873,0.396,0.07,False
illiq,0.0,0,5,0.2,C,1.357,0.843,0.3855,0.05,False
turnover,0.0,0,10,0.1,C,1.303,0.804,0.3812,0.08,False
illiq,0.0,0,10,0.2,C,1.275,0.76,0.355,0.04,False
turnover,0.0,0,1,0.1,C,1.233,0.736,0.3565,0.4,False
dollarvol,0.0,0,5,0.2,C,1.266,0.73,0.3326,0.11,False
dollarvol,0.2,5,5,0.1,C,1.245,0.719,0.3337,0.14,False
dollarvol,0.0,0,10,0.2,C,1.247,0.71,0.3237,0.07,False
dollarvol,0.2,5,10,0.1,C,1.22,0.694,0.3239,0.09,False
illiq,0.2,5,5,0.1,C,1.179,0.687,0.3398,0.16,False
turnover,0.0,0,5,0.2,C,1.17,0.663,0.3211,0.1,False
dollarvol,0.3,5,10,0.1,C,1.182,0.662,0.3132,0.09,False
illiq,0.2,5,1,0.1,C,1.149,0.659,0.329,0.34,False
dollarvol,0.3,5,5,0.1,C,1.176,0.657,0.3122,0.15,False
illiq,0.3,5,5,0.1,C,1.098,0.611,0.3098,0.17,False
illiq,0.2,5,10,0.1,C,1.097,0.611,0.3102,0.09,False
turnover,0.0,0,10,0.2,C,1.096,0.594,0.2933,0.06,False
illiq,0.3,5,1,0.1,C,1.074,0.59,0.3014,0.37,False
dollarvol,0.3,10,10,0.1,C,1.072,0.564,0.2763,0.09,False
illiq,0.3,10,5,0.1,C,1.042,0.56,0.2889,0.14,False
dollarvol,0.3,10,5,0.1,C,1.063,0.557,0.2742,0.14,False
illiq,0.3,5,10,0.1,C,1.032,0.553,0.2867,0.1,False
dollarvol,0.2,5,10,0.2,C,1.063,0.549,0.2665,0.07,False
illiq,0.3,20,5,0.1,C,1.024,0.547,0.2848,0.12,False
dollarvol,0.3,20,5,0.1,C,1.043,0.54,0.2686,0.14,False
dollarvol,0.3,20,10,0.1,C,1.035,0.533,0.2652,0.09,False
dollarvol,0.3,5,10,0.2,C,1.043,0.532,0.2604,0.08,False
dollarvol,0.0,0,1,0.2,C,1.032,0.524,0.2575,0.35,False
illiq,0.2,5,10,0.2,C,1.015,0.524,0.267,0.09,False
dollarvol,0.2,5,5,0.2,C,1.028,0.521,0.2571,0.12,False
turnover,0.2,5,10,0.1,C,0.995,0.518,0.2709,0.09,False
dollarvol,0.5,10,10,0.1,C,1.004,0.51,0.2578,0.1,False
illiq,0.3,10,10,0.1,C,0.982,0.509,0.2684,0.1,False
illiq,0.3,5,10,0.2,C,0.995,0.508,0.2603,0.09,False
illiq,0.3,20,10,0.1,C,0.976,0.503,0.2658,0.09,False
dollarvol,0.3,5,5,0.2,C,1.001,0.5,0.2495,0.13,False
illiq,0.5,10,5,0.1,D,0.966,0.495,0.2622,0.16,False
turnover,0.3,5,10,0.1,D,0.967,0.495,0.2619,0.09,False
illiq,0.2,5,5,0.2,D,0.978,0.494,0.2551,0.15,False
turnover,0.0,0,1,0.2,D,0.972,0.49,0.2538,0.31,False
dollarvol,0.5,10,5,0.1,D,0.979,0.49,0.2501,0.15,False
turnover,0.2,5,5,0.1,D,0.962,0.49,0.2598,0.15,False
turnover,0.2,5,5,0.2,D,0.965,0.484,0.2519,0.11,False
illiq,0.3,20,10,0.2,D,0.963,0.48,0.2487,0.08,False
dollarvol,0.3,20,10,0.2,D,0.977,0.479,0.2402,0.07,False
dollarvol,0.3,10,10,0.2,D,0.974,0.476,0.239,0.08,False
illiq,0.5,10,10,0.1,D,0.933,0.469,0.252,0.11,False
illiq,0.3,20,5,0.2,D,0.946,0.468,0.2449,0.1,False
illiq,0.3,20,1,0.1,D,0.927,0.463,0.2495,0.23,False
turnover,0.3,5,5,0.2,D,0.936,0.461,0.243,0.12,False
dollarvol,0.5,10,10,0.2,D,0.952,0.46,0.2338,0.08,False
illiq,0.3,10,1,0.1,D,0.922,0.458,0.2463,0.29,False
turnover,0.3,5,5,0.1,D,0.92,0.457,0.2465,0.16,False
turnover,0.3,5,10,0.2,D,0.931,0.456,0.2404,0.07,False
illiq,0.3,10,10,0.2,D,0.93,0.454,0.2388,0.09,False
turnover,0.2,5,10,0.2,D,0.929,0.454,0.2386,0.07,False
illiq,0.3,5,5,0.2,D,0.926,0.452,0.2385,0.16,False
illiq,0.3,10,5,0.2,D,0.924,0.45,0.2366,0.13,False
dollarvol,0.3,20,5,0.2,D,0.926,0.44,0.2263,0.12,False
illiq,0.2,5,1,0.2,D,0.909,0.438,0.2323,0.31,False
dollarvol,0.3,10,5,0.2,D,0.924,0.438,0.225,0.12,False
dollarvol,0.2,5,1,0.1,D,0.908,0.431,0.2253,0.46,False
turnover,0.3,10,10,0.1,D,0.876,0.421,0.2311,0.09,False
dollarvol,0.5,10,5,0.2,D,0.896,0.418,0.2178,0.13,False
turnover,0.3,10,5,0.1,D,0.87,0.417,0.2292,0.14,False
illiq,0.5,10,10,0.2,D,0.868,0.406,0.2192,0.1,False
illiq,0.5,10,5,0.2,D,0.862,0.402,0.217,0.14,False
turnover,0.3,10,5,0.2,D,0.853,0.395,0.2148,0.11,False
turnover,0.5,10,10,0.1,D,0.837,0.393,0.2201,0.1,False
turnover,0.3,20,5,0.1,D,0.841,0.393,0.2188,0.13,False
illiq,0.3,5,1,0.2,D,0.85,0.393,0.214,0.34,False
turnover,0.3,10,10,0.2,D,0.849,0.392,0.2125,0.07,False
turnover,0.2,5,1,0.1,D,0.823,0.38,0.2128,0.43,False
turnover,0.5,10,10,0.2,D,0.832,0.38,0.2085,0.08,False
turnover,0.3,20,10,0.1,D,0.823,0.379,0.2121,0.08,False
turnover,0.3,20,10,0.2,D,0.832,0.378,0.2069,0.07,False
turnover,0.5,10,5,0.1,D,0.816,0.377,0.2128,0.15,False
illiq,0.3,20,1,0.2,D,0.826,0.375,0.2055,0.2,False
turnover,0.3,20,5,0.2,D,0.822,0.372,0.2051,0.1,False
turnover,0.5,10,5,0.2,D,0.817,0.37,0.2047,0.12,False
dollarvol,0.3,5,1,0.1,D,0.818,0.364,0.198,0.47,False
illiq,0.3,10,1,0.2,D,0.789,0.347,0.1933,0.26,False
illiq,0.5,10,1,0.1,D,0.779,0.346,0.1975,0.33,False
turnover,0.3,5,1,0.1,D,0.754,0.329,0.1908,0.45,False
turnover,0.2,5,1,0.2,D,0.747,0.318,0.1817,0.33,False
dollarvol,0.2,5,1,0.2,F,0.733,0.3,0.1672,0.37,False
illiq,0.5,10,1,0.2,F,0.721,0.299,0.1718,0.29,False
turnover,0.3,5,1,0.2,F,0.717,0.298,0.1728,0.34,False
dollarvol,0.3,10,1,0.1,F,0.686,0.272,0.1572,0.46,False
dollarvol,0.3,5,1,0.2,F,0.689,0.271,0.1549,0.38,False
dollarvol,0.5,10,1,0.1,F,0.647,0.248,0.1468,0.47,False
turnover,0.3,10,1,0.2,F,0.629,0.239,0.1445,0.33,False
dollarvol,0.3,20,1,0.1,F,0.631,0.236,0.1403,0.45,False
dollarvol,0.3,10,1,0.2,F,0.629,0.233,0.1371,0.37,False
turnover,0.3,10,1,0.1,F,0.603,0.225,0.1398,0.41,False
turnover,0.5,10,1,0.2,F,0.597,0.22,0.1353,0.34,False
dollarvol,0.3,20,1,0.2,F,0.603,0.217,0.1296,0.36,False
turnover,0.3,20,1,0.2,F,0.571,0.203,0.1263,0.31,False
dollarvol,0.5,10,1,0.2,F,0.57,0.198,0.1209,0.38,False
turnover,0.3,20,1,0.1,F,0.553,0.195,0.1242,0.39,False
turnover,0.5,10,1,0.1,F,0.534,0.184,0.1191,0.42,False
