league_name,markets,rows,oos_bias,ci_low,ci_high,p_boot_two_sided,p_bh
J1 League,46,138,0.198695652173913,0.08115579710144928,0.3161711956521739,0.006644518272425249,0.26578073089701
Leagues Cup,134,418,0.07155502392344497,-0.011465800417918094,0.155397096577017,0.09966777408637874,0.5695301376364499
UEFA Europa League,204,536,0.0646679104477612,-0.0005425218941007736,0.12340803453109071,0.0664451827242525,0.5695301376364499
Liga Profesional de Fútbol,138,385,0.06694415584415585,-0.0054144766351734526,0.14837403001577598,0.07973421926910298,0.5695301376364499
Bundesliga,170,509,0.06360609037328095,-0.0067858253881120205,0.14190541464026554,0.09966777408637874,0.5695301376364499
Club Friendlies,88,189,-0.11576719576719578,-0.2213513194042799,0.0025640957446808514,0.07973421926910298,0.5695301376364499
PGA,31,85,0.07656470588235294,-0.011660723039215684,0.15380703111787583,0.09302325581395349,0.5695301376364499
UEFA Nations League,509,1523,-0.026867038739330266,-0.06786632561875369,0.010125295469468155,0.1461794019933555,0.584717607973422
UEFA Women's Champions League,38,113,-0.10303982300884953,-0.22476426991150442,0.02451648230088493,0.13953488372093023,0.584717607973422
WNBA,177,514,-0.0445408560311284,-0.10293506750606797,0.014908469441517299,0.132890365448505,0.584717607973422
NBA Summer League,22,38,-0.11828947368421053,-0.3085729166666667,0.10377187499999989,0.19269102990033224,0.6423034330011075
Eliteserien,80,241,0.08155601659751037,-0.04183422067901235,0.18112467716942143,0.19269102990033224,0.6423034330011075
Danish Superliga,44,133,0.08154135338345862,-0.05503947368421054,0.21162156546811398,0.2591362126245847,0.6879030682040259
Saudi Pro League,91,273,0.05316849816849817,-0.05743635531135531,0.1533543956043956,0.292358803986711,0.6879030682040259
Eredivisie,80,243,0.06695061728395062,-0.02211499974492399,0.18065372758135861,0.23255813953488372,0.6879030682040259
Primeira Liga,94,268,-0.047126865671641795,-0.14891391489804412,0.053006674958540625,0.292358803986711,0.6879030682040259
FIFA Friendlies,83,225,0.0478488888888889,-0.05543286830357143,0.1468860600871731,0.2857142857142857,0.6879030682040259
Brasileirão Série A,205,615,0.03556097560975609,-0.03262174796747968,0.1039979674796745,0.33222591362126247,0.7382798080472499
LaLiga2,30,90,0.09138888888888888,-0.07365555555555554,0.28361249999999993,0.3521594684385382,0.7413883546074488
Allsvenskan,65,130,-0.0553076923076923,-0.17708076923076924,0.059290384615384606,0.37209302325581395,0.7441860465116279
MLS,58,189,0.03756613756613755,-0.08616745036572622,0.17304233870967733,0.5514950166112956,0.8402100525131284
Ligue 1,125,375,0.022690666666666668,-0.05217919999999999,0.10272213333333322,0.584717607973422,0.8402100525131284
2. Bundesliga,55,165,-0.04195454545454546,-0.16951136363636365,0.12227272727272713,0.5049833887043189,0.8402100525131284
K League 1,60,180,0.03466666666666666,-0.09119444444444444,0.1726187499999998,0.6179401993355482,0.8402100525131284
Formula 1,31,174,0.041284482758620684,-0.073447051874679,0.17890119828685946,0.6312292358803987,0.8402100525131284
Copa do Brasil,52,156,0.04679487179487179,-0.07490304487179487,0.17704086538461533,0.47840531561461797,0.8402100525131284
Copa Sudamericana,85,257,0.03171595330739299,-0.06442365384615385,0.1268281496062992,0.6511627906976745,0.8402100525131284
Copa Libertadores,64,195,-0.030128205128205136,-0.13352713417841364,0.08397081218274094,0.5647840531561462,0.8402100525131284
Chinese Super League,118,364,0.023074175824175827,-0.06805923148094183,0.11356772210470649,0.6179401993355482,0.8402100525131284
UEFA Conference League,76,189,0.041671957671957666,-0.07317513089005237,0.1573544891043239,0.5980066445182725,0.8402100525131284
Süper Lig,66,193,0.05116580310880829,-0.07601196801480306,0.18193894395982013,0.5116279069767442,0.8402100525131284
Scottish Premiership,25,81,0.0312962962962963,-0.1898385185185185,0.2642067307692305,0.6843853820598007,0.8554817275747508
World Cup,433,1768,0.0019193438914027168,-0.02047630211817168,0.030166961525307793,0.8305647840531561,0.9228497600590624
WTA Tour,41,231,-0.004069264069264069,-0.03913369963369963,0.05674647435897424,0.770764119601329,0.9228497600590624
EFL Championship,43,129,0.01251937984496123,-0.12282848837209302,0.1715687984496123,0.8106312292358804,0.9228497600590624
Liga MX,231,699,0.004551502145922747,-0.05105368671670758,0.0702374501792416,0.7906976744186046,0.9228497600590624
Coppa Italia,35,102,-0.012720588235294109,-0.1796326486013986,0.15331353741991846,0.8837209302325582,0.9442210176604301
LaLiga,25,85,0.008252941176470591,-0.12414986383442264,0.1559294241192411,0.8970099667774086,0.9442210176604301
UFC,115,408,0.00010294117647058942,-0.08568448924034223,0.09408010624698931,0.9833887043189369,0.9833887043189369
CONCACAF Nations League,28,84,-0.008749999999999994,-0.17803273809523806,0.15590773809523803,0.9700996677740864,0.9833887043189369
