league_name,price_lo,price_hi,n_market,n_row,mean_price,mean_outcome,gross_bias,cost,net_bias,se_cluster,t_cluster,ci_low_boot,ci_high_boot,p_one_sided,supported,q_bh
IIHF World Championship,0.15,0.18,2,3,0.1625,1.0,0.8375,0.0155,0.822,0.0025,335.0,0.835,0.84,0.0009501759424995176,0,
Allsvenskan,0.15,0.18,1,2,0.165,1.0,0.835,0.0156,0.8194,,,,,1.0,0,
A-League Men,0.15,0.18,3,4,0.1683,1.0,0.8317,0.0157,0.816,0.0017,499.0,0.83,0.835,2.0080119677594285e-06,0,
Danish Superliga,0.15,0.18,1,2,0.17,1.0,0.83,0.0158,0.8142,,,,,1.0,0,
Wimbledon,0.18,0.21,1,1,0.18,1.0,0.82,0.0161,0.8039,,,,,1.0,0,
EuroLeague,0.18,0.21,2,2,0.19,1.0,0.81,0.0164,0.7936,0.005,162.0,0.805,0.815,0.0019648508847025636,0,
J1 League,0.18,0.21,1,1,0.19,1.0,0.81,0.0164,0.7936,,,,,1.0,0,
Copa do Brasil,0.18,0.21,2,2,0.195,1.0,0.805,0.0165,0.7885,0.005,161.0,0.8,0.81,0.001977054614565993,0,
Trophée des Champions,0.18,0.21,1,2,0.195,1.0,0.805,0.0165,0.7885,,,,,1.0,0,
Rainbow Six Siege,0.18,0.21,1,1,0.2,1.0,0.8,0.0167,0.7833,,,,,1.0,0,
WTA Tour,0.18,0.21,1,1,0.2005,1.0,0.7995,0.0167,0.7828,,,,,1.0,0,
K League 1,0.18,0.21,1,2,0.2025,1.0,0.7975,0.0168,0.7807,,,,,1.0,0,
Serie B,0.18,0.21,1,2,0.2025,1.0,0.7975,0.0168,0.7807,,,,,1.0,0,
Men's Olympic Hockey,0.18,0.21,1,1,0.205,1.0,0.795,0.0168,0.7782,,,,,1.0,0,
Men's Olympic Hockey,0.21,0.24,1,1,0.21,1.0,0.79,0.017,0.773,,,,,1.0,0,
Rainbow Six Siege,0.21,0.24,1,1,0.215,1.0,0.785,0.0171,0.7679,,,,,1.0,0,
Six Nations,0.21,0.24,2,4,0.215,1.0,0.785,0.0171,0.7679,0.0,,0.785,0.785,1.0,0,
EuroLeague,0.21,0.24,1,1,0.22,1.0,0.78,0.0173,0.7627,,,,,1.0,0,
Ekstraklasa,0.21,0.24,2,2,0.2225,1.0,0.7775,0.0173,0.7602,0.0025,311.0,0.775,0.78,0.0010235009298613846,0,
International,0.21,0.24,1,2,0.225,1.0,0.775,0.0174,0.7576,,,,,1.0,0,
Indonesia Liga 1,0.21,0.24,1,2,0.2275,1.0,0.7725,0.0175,0.755,,,,,1.0,0,
Asia FIBA World Cup Qualifiers,0.24,0.27,1,2,0.245,1.0,0.755,0.0179,0.7371,,,,,1.0,0,
Coupe de France,0.24,0.27,1,1,0.245,1.0,0.755,0.0179,0.7371,,,,,1.0,0,
DFB-Pokal,0.24,0.27,1,1,0.245,1.0,0.755,0.0179,0.7371,,,,,1.0,0,
UAE Pro League,0.24,0.27,1,1,0.245,1.0,0.755,0.0179,0.7371,,,,,1.0,0,
Scottish Premiership,0.24,0.27,2,3,0.2487,1.0,0.7512,0.018,0.7332,0.0088,85.86,0.7425,0.76,0.003707268643528267,0,
Ekstraklasa,0.24,0.27,2,2,0.255,1.0,0.745,0.0182,0.7268,0.01,74.5,0.735,0.755,0.004272359347655783,0,
Africa Cup of Nations,0.24,0.27,1,1,0.26,1.0,0.74,0.0183,0.7217,,,,,1.0,0,
J2 League,0.24,0.27,1,2,0.2625,1.0,0.7375,0.0184,0.7191,,,,,1.0,0,
Scottish Premiership,0.27,0.30000000000000004,3,3,0.275,1.0,0.725,0.0187,0.7063,0.0029,251.15,0.72,0.73,7.926882436904696e-06,0,
EuroLeague,0.27,0.30000000000000004,2,3,0.2787,1.0,0.7212,0.0188,0.7025,0.0037,192.33,0.7175,0.725,0.001654975829959056,0,
LigaPro Serie A,0.27,0.30000000000000004,1,1,0.285,1.0,0.715,0.0189,0.6961,,,,,1.0,0,
Ligue 2,0.27,0.30000000000000004,1,2,0.285,1.0,0.715,0.0189,0.6961,,,,,1.0,0,
Swiss Super League,0.27,0.30000000000000004,1,1,0.285,1.0,0.715,0.0189,0.6961,,,,,1.0,0,
Chinese Super League,0.15,0.18,8,11,0.1622,0.75,0.5878,0.0155,0.5723,0.1627,3.61,0.2172,0.8384,0.004292048458440539,0,
Eliteserien,0.27,0.30000000000000004,5,8,0.279,0.8,0.521,0.0188,0.5022,0.1978,2.63,0.125,0.722,0.028958804689702012,0,
Scottish Premiership,0.15,0.18,3,5,0.1692,0.6667,0.4975,0.0157,0.4818,0.3363,1.48,-0.175,0.835,0.1385560127466263,0,
Copa Sudamericana,0.24,0.27,4,6,0.2575,0.75,0.4925,0.0183,0.4742,0.2508,1.96,-0.0088,0.745,0.0721839306047739,0,
A-League Men,0.18,0.21,9,14,0.1911,0.6667,0.4756,0.0164,0.4591,0.167,2.85,0.1422,0.7033,0.010788324921649457,0,
Eliteserien,0.18,0.21,6,11,0.1925,0.6667,0.4742,0.0165,0.4577,0.2104,2.25,0.1375,0.8083,0.036988385886083504,0,
Leagues Cup,0.24,0.27,11,11,0.2518,0.7273,0.4755,0.0181,0.4573,0.1411,3.37,0.2014,0.7455,0.003569446850966171,0,
Club Friendlies,0.18,0.21,3,3,0.1933,0.6667,0.4733,0.0165,0.4568,0.3342,1.42,-0.195,0.81,0.1461679297297316,0,
Copa del Rey,0.27,0.30000000000000004,4,4,0.2775,0.75,0.4725,0.0187,0.4538,0.2542,1.86,-0.0362,0.7288,0.07999458531504991,0,
A-League Men,0.24,0.27,11,18,0.257,0.7273,0.4702,0.0182,0.452,0.1393,3.38,0.1998,0.7389,0.0035293963465663964,0,
Süper Lig,0.21,0.24,13,19,0.2262,0.6923,0.4662,0.0175,0.4487,0.1324,3.52,0.2346,0.696,0.0021119599940278588,0,
Valorant,0.21,0.24,3,4,0.2208,0.6667,0.4458,0.0173,0.4285,0.3304,1.35,-0.215,0.78,0.15484962789319234,0,
Scottish Premiership,0.21,0.24,3,3,0.2233,0.6667,0.4433,0.0174,0.426,0.3317,1.34,-0.22,0.785,0.156574870510304,0,
J1 League,0.21,0.24,3,5,0.2317,0.6667,0.435,0.0176,0.4174,0.335,1.3,-0.235,0.775,0.16184105883153987,0,
EFL Championship,0.18,0.21,8,12,0.1956,0.625,0.4294,0.0166,0.4128,0.1823,2.35,0.0562,0.7997,0.025357977345042727,0,
Danish Superliga,0.24,0.27,3,3,0.2483,0.6667,0.4183,0.018,0.4003,0.3317,1.26,-0.245,0.75,0.16719538003189438,0,
Allsvenskan,0.24,0.27,6,11,0.2496,0.6667,0.4171,0.0181,0.399,0.2117,1.97,0.0796,0.7525,0.05298009880419428,0,
LaLiga2,0.18,0.21,5,7,0.191,0.6,0.409,0.0164,0.3926,0.2451,1.67,0.005,0.811,0.08524140566038764,0,
UEFA Conference League,0.15,0.18,7,9,0.1643,0.5714,0.4071,0.0156,0.3916,0.2023,2.01,-0.02,0.7,0.045423779489931024,0,
A-League Men,0.21,0.24,8,13,0.2259,0.625,0.3991,0.0174,0.3816,0.1822,2.19,0.0269,0.7681,0.03234603572452319,0,
Boxing,0.27,0.30000000000000004,3,5,0.2842,0.6667,0.3825,0.0189,0.3636,0.3263,1.17,-0.27,0.71,0.1808887640193943,0,
EFL Championship,0.24,0.27,22,30,0.2557,0.6364,0.3806,0.0182,0.3624,0.1048,3.63,0.1961,0.5634,0.0007813258804880815,0,
Wimbledon,0.27,0.30000000000000004,3,5,0.2883,0.6667,0.3783,0.019,0.3594,0.3267,1.16,-0.275,0.705,0.18320427262994132,0,
PGA,0.21,0.24,5,6,0.2235,0.6,0.3765,0.0174,0.3591,0.2456,1.53,-0.027,0.7785,0.1000084905470368,0,
Chinese Super League,0.21,0.24,22,34,0.2266,0.5909,0.3643,0.0175,0.3469,0.1075,3.39,0.1805,0.5488,0.0013807748451887631,0,
Eredivisie,0.21,0.24,7,12,0.2239,0.5714,0.3475,0.0174,0.3301,0.2018,1.72,0.0557,0.6371,0.06795826674346184,0,
FIFA Club World Cup,0.15,0.18,2,3,0.1625,0.5,0.3375,0.0155,0.322,0.4975,0.68,-0.16,0.835,0.3102630380164082,0,
Wimbledon,0.15,0.18,2,3,0.1625,0.5,0.3375,0.0155,0.322,0.4975,0.68,-0.16,0.835,0.3102630380164082,0,
Brasileirão Série A,0.15,0.18,8,13,0.1631,0.5,0.3369,0.0155,0.3213,0.1911,1.76,-0.0419,0.7137,0.060672658329247786,0,
PGA,0.15,0.18,6,6,0.1641,0.5,0.3359,0.0156,0.3204,0.2224,1.51,-0.0013,0.6695,0.09566448106520489,0,
Leagues Cup,0.15,0.18,4,4,0.1663,0.5,0.3337,0.0156,0.3181,0.2909,1.15,-0.17,0.8375,0.16719870836025316,0,
Club Friendlies,0.15,0.18,2,2,0.1675,0.5,0.3325,0.0157,0.3168,0.5025,0.66,-0.17,0.835,0.31393183720507145,0,
Coppa Italia,0.24,0.27,7,9,0.255,0.5714,0.3164,0.0182,0.2982,0.2009,1.58,-0.1093,0.6036,0.0831205621907834,0,
Danish Superliga,0.18,0.21,2,3,0.1875,0.5,0.3125,0.0163,0.2962,0.5075,0.62,-0.195,0.82,0.3243152934991747,0,
MLS,0.18,0.21,14,20,0.1913,0.5,0.3087,0.0164,0.2923,0.1396,2.21,0.0225,0.5954,0.022775454864254002,0,
FIFA Club World Cup,0.18,0.21,4,5,0.1936,0.5,0.3064,0.0165,0.2899,0.2908,1.05,-0.1972,0.81,0.1847314944617518,0,
Veikkausliiga,0.18,0.21,2,3,0.195,0.5,0.305,0.0165,0.2885,0.495,0.62,-0.19,0.8,0.3242234358042472,0,
UEFA Conference League,0.18,0.21,8,11,0.1956,0.5,0.3044,0.0166,0.2878,0.1885,1.61,-0.0688,0.6781,0.07523803386288665,0,
Brasileirão Série A,0.27,0.30000000000000004,36,57,0.2829,0.5833,0.3004,0.0188,0.2816,0.0834,3.6,0.135,0.4663,0.0004865772079202827,0,
Coupe de France,0.21,0.24,2,4,0.215,0.5,0.285,0.0171,0.2679,0.5,0.57,-0.215,0.785,0.3350936656715372,0,
MLS,0.24,0.27,26,41,0.2524,0.5385,0.2861,0.0181,0.2679,0.0997,2.87,0.0939,0.4783,0.004112852687457809,0,
Dota 2,0.21,0.24,2,2,0.2175,0.5,0.2825,0.0172,0.2653,0.4975,0.57,-0.215,0.78,0.3356132857674984,0,
LaLiga2,0.27,0.30000000000000004,16,27,0.2825,0.5625,0.28,0.0188,0.2612,0.1286,2.18,0.0295,0.5302,0.02290780766047804,0,
IPL,0.21,0.24,2,2,0.2225,0.5,0.2775,0.0173,0.2602,0.5125,0.54,-0.235,0.79,0.34203375499172073,0,
Primeira Liga,0.21,0.24,10,16,0.2237,0.5,0.2762,0.0174,0.2589,0.1676,1.65,-0.0262,0.5782,0.06684979953903081,0,
Wimbledon,0.21,0.24,4,8,0.225,0.5,0.275,0.0174,0.2576,0.2858,0.96,-0.22,0.77,0.20346451252688183,0,
Danish Superliga,0.21,0.24,4,5,0.2256,0.5,0.2744,0.0174,0.2569,0.2833,0.97,-0.2162,0.765,0.20209858646000436,0,
Eliteserien,0.21,0.24,4,5,0.2269,0.5,0.2731,0.0175,0.2557,0.2934,0.93,-0.235,0.7812,0.21026619266539018,0,
LoL,0.21,0.24,8,12,0.2278,0.5,0.2722,0.0175,0.2547,0.1879,1.45,-0.0994,0.6441,0.0953935907749152,0,
UEFA Conference League,0.21,0.24,6,9,0.2283,0.5,0.2717,0.0175,0.2542,0.2229,1.22,-0.0625,0.6092,0.1386186885774847,0,
K League 1,0.21,0.24,4,6,0.2288,0.5,0.2712,0.0175,0.2537,0.2858,0.95,-0.2238,0.7663,0.20629162147668448,0,
Chinese Super League,0.18,0.21,13,18,0.1919,0.4615,0.2696,0.0165,0.2532,0.1438,1.88,0.0356,0.5037,0.04264374294577699,0,
Allsvenskan,0.21,0.24,2,4,0.2337,0.5,0.2662,0.0177,0.2486,0.4987,0.53,-0.2325,0.765,0.34391754499242033,0,
EFL Championship,0.27,0.30000000000000004,33,51,0.2802,0.5455,0.2653,0.0188,0.2465,0.0883,3.0,0.0837,0.4473,0.002579413940487295,0,
Club Friendlies,0.24,0.27,4,5,0.2494,0.5,0.2506,0.0181,0.2326,0.2862,0.88,-0.245,0.7462,0.22279897028474951,0,
UEFA Conference League,0.24,0.27,8,12,0.2525,0.5,0.2475,0.0181,0.2294,0.1871,1.32,-0.1219,0.6169,0.11374769182437042,0,
UEFA Europa League,0.15,0.18,22,33,0.1643,0.4091,0.2448,0.0156,0.2292,0.1074,2.28,0.0602,0.4715,0.01659862459603983,0,
LaLiga2,0.24,0.27,10,16,0.2527,0.5,0.2473,0.0181,0.2291,0.1658,1.49,-0.052,0.5468,0.08500410527555806,0,
Liga MX,0.18,0.21,16,23,0.1934,0.4375,0.2441,0.0165,0.2276,0.1285,1.9,-0.0044,0.4952,0.03844399105623202,0,
Primeira Liga,0.15,0.18,5,8,0.1575,0.4,0.2425,0.0153,0.2272,0.2475,0.98,-0.163,0.6475,0.19133758775427795,0,
EuroLeague,0.24,0.27,2,2,0.255,0.5,0.245,0.0182,0.2268,0.5,0.49,-0.255,0.745,0.35497303328278174,0,
Valorant,0.24,0.27,2,2,0.255,0.5,0.245,0.0182,0.2268,0.505,0.49,-0.26,0.75,0.35622070183295085,0,
Chinese Super League,0.24,0.27,18,24,0.2554,0.5,0.2446,0.0182,0.2264,0.1209,2.02,0.0221,0.4693,0.029559550361074906,0,
MLS,0.27,0.30000000000000004,21,32,0.2788,0.5238,0.245,0.0188,0.2262,0.1123,2.18,0.0075,0.438,0.020586129794745535,0,
UFC,0.24,0.27,6,8,0.256,0.5,0.244,0.0182,0.2258,0.2218,1.1,-0.0895,0.5767,0.16073433043672486,0,
Copa do Brasil,0.24,0.27,2,3,0.2562,0.5,0.2438,0.0182,0.2255,0.5088,0.48,-0.265,0.7525,0.3577788760312266,0,
Brasileirão Série A,0.18,0.21,16,22,0.1959,0.4375,0.2416,0.0166,0.225,0.1276,1.89,-0.0077,0.4906,0.038877490737399496,0,
LoL,0.15,0.18,5,6,0.16,0.4,0.24,0.0154,0.2246,0.2429,0.99,-0.158,0.64,0.18956430448069908,0,
FIFA Club World Cup,0.24,0.27,2,2,0.2575,0.5,0.2425,0.0183,0.2242,0.4975,0.49,-0.255,0.74,0.355631524380721,0,
EFL Championship,0.15,0.18,5,9,0.164,0.4,0.236,0.0156,0.2204,0.2451,0.96,-0.166,0.638,0.19505142273951837,0,
LaLiga2,0.15,0.18,5,8,0.165,0.4,0.235,0.0156,0.2194,0.244,0.96,-0.165,0.637,0.19499076585722352,0,
Saudi Pro League,0.15,0.18,18,21,0.1635,0.3889,0.2254,0.0155,0.2099,0.1177,1.91,0.0042,0.4468,0.036274367756024335,0,
International,0.27,0.30000000000000004,2,4,0.2775,0.5,0.2225,0.0187,0.2038,0.4975,0.45,-0.275,0.72,0.36613377268518144,0,
Valorant,0.27,0.30000000000000004,2,3,0.2775,0.5,0.2225,0.0187,0.2038,0.4925,0.45,-0.27,0.715,0.3649314365024159,0,
Primeira Liga,0.27,0.30000000000000004,12,19,0.2794,0.5,0.2206,0.0188,0.2019,0.1496,1.47,-0.029,0.4723,0.08412869395281633,0,
DFB-Pokal,0.27,0.30000000000000004,4,7,0.28,0.5,0.22,0.0188,0.2012,0.2901,0.76,-0.2825,0.7225,0.25170111702845316,0,
NBA,0.21,0.24,9,18,0.2278,0.4444,0.2167,0.0175,0.1992,0.1774,1.22,-0.12,0.5539,0.12832113042137874,0,
Süper Lig,0.24,0.27,17,27,0.2534,0.4706,0.2172,0.0182,0.199,0.1243,1.75,-0.0185,0.4527,0.049921929655859704,0,
Eredivisie,0.15,0.18,8,13,0.1625,0.375,0.2125,0.0155,0.197,0.1852,1.15,-0.1607,0.5909,0.1444496979133347,0,
Dota 2,0.27,0.30000000000000004,4,4,0.2845,0.5,0.2155,0.0189,0.1966,0.2899,0.74,-0.2865,0.7175,0.2556014647424407,0,
MLS,0.15,0.18,8,12,0.1653,0.375,0.2097,0.0156,0.1941,0.1834,1.14,-0.0475,0.5841,0.14519275434098677,0,
NBA Summer League,0.27,0.30000000000000004,2,2,0.2875,0.5,0.2125,0.0189,0.1936,0.5075,0.42,-0.295,0.72,0.37377779288079066,0,
CS2,0.27,0.30000000000000004,2,4,0.2887,0.5,0.2113,0.019,0.1923,0.4987,0.42,-0.2875,0.71,0.3724693390670735,0,
Leagues Cup,0.18,0.21,5,7,0.1925,0.4,0.2075,0.0165,0.191,0.2475,0.84,-0.197,0.6125,0.2244981135863694,0,
Ligue 1,0.21,0.24,44,66,0.2239,0.4318,0.2079,0.0174,0.1905,0.0751,2.77,0.0524,0.3455,0.004142168501050268,0,0.063901
J1 League,0.27,0.30000000000000004,4,5,0.2912,0.5,0.2088,0.019,0.1897,0.2894,0.72,-0.2925,0.71,0.2614267095041958,0,
Liga MX,0.15,0.18,20,32,0.1633,0.35,0.1867,0.0155,0.1712,0.1094,1.71,-0.0127,0.3875,0.052112342723926355,0,
Saudi Pro League,0.27,0.30000000000000004,15,17,0.278,0.4667,0.1887,0.0187,0.1699,0.1331,1.42,-0.0757,0.4537,0.08914090739609004,0,
2. Bundesliga,0.21,0.24,5,7,0.2255,0.4,0.1745,0.0174,0.1571,0.2467,0.71,-0.23,0.579,0.25919395741523343,0,
Copa do Brasil,0.21,0.24,5,7,0.2265,0.4,0.1735,0.0175,0.156,0.2446,0.71,-0.227,0.575,0.25860699866417797,0,
Europe WC Qualifiers,0.27,0.30000000000000004,11,17,0.281,0.4545,0.1736,0.0188,0.1548,0.1575,1.1,-0.1015,0.4484,0.14805764761802012,0,
2. Bundesliga,0.15,0.18,3,5,0.1692,0.3333,0.1642,0.0157,0.1484,0.3304,0.5,-0.1675,0.825,0.3342687652033798,0,
Liga Profesional de Fútbol,0.27,0.30000000000000004,29,40,0.283,0.4483,0.1653,0.0188,0.1464,0.0941,1.76,-0.0092,0.3401,0.04502136157213478,0,
Bundesliga,0.27,0.30000000000000004,56,96,0.2818,0.4464,0.1646,0.0188,0.1458,0.0672,2.45,0.0388,0.3071,0.00874382571521517,0,0.063901
Brasileirão Série A,0.24,0.27,43,68,0.255,0.4186,0.1636,0.0182,0.1454,0.0762,2.15,0.0229,0.3251,0.018789412991020136,0,0.087684
Copa Libertadores,0.18,0.21,17,26,0.1919,0.3529,0.161,0.0165,0.1446,0.1201,1.34,-0.0747,0.3985,0.09930248960401578,0,
Liga MX,0.27,0.30000000000000004,27,39,0.2812,0.4444,0.1632,0.0188,0.1444,0.0977,1.67,-0.0219,0.3488,0.053337085311504266,0,
NFL,0.18,0.21,14,25,0.1963,0.3571,0.1609,0.0166,0.1443,0.1319,1.22,-0.0543,0.3761,0.12215045597678899,0,
J1 League,0.15,0.18,3,4,0.1733,0.3333,0.16,0.0159,0.1441,0.3325,0.48,-0.175,0.825,0.33893886968470793,0,
FIFA Friendlies,0.27,0.30000000000000004,56,68,0.2838,0.4464,0.1626,0.0189,0.1438,0.0668,2.43,0.0222,0.2892,0.009128695704598396,0,0.063901
Europe WC Qualifiers,0.21,0.24,13,15,0.225,0.3846,0.1596,0.0174,0.1422,0.1411,1.13,-0.0782,0.4009,0.14010828337578682,0,
LaLiga2,0.21,0.24,8,12,0.2213,0.375,0.1537,0.0173,0.1364,0.1839,0.84,-0.1031,0.5306,0.21532217223321165,0,
LaLiga,0.18,0.21,55,87,0.1949,0.3455,0.1506,0.0165,0.134,0.065,2.32,0.0239,0.2779,0.0121738491549714,0,0.068174
Primeira Liga,0.18,0.21,3,4,0.1833,0.3333,0.15,0.0162,0.1338,0.335,0.45,-0.19,0.82,0.3490816343711379,0,
Bundesliga,0.24,0.27,72,125,0.2535,0.4028,0.1492,0.0182,0.1311,0.0581,2.57,0.0379,0.2601,0.006128576109456006,0,0.063901
Primeira Liga,0.24,0.27,10,13,0.251,0.4,0.149,0.0181,0.1309,0.1627,0.92,-0.15,0.4495,0.19188808815607283,0,
Copa Libertadores,0.15,0.18,13,22,0.164,0.3077,0.1437,0.0156,0.1281,0.1343,1.07,-0.0892,0.3792,0.15286362039372428,0,
Eredivisie,0.18,0.21,6,9,0.1908,0.3333,0.1425,0.0164,0.1261,0.2115,0.67,-0.1954,0.4821,0.26519735016259816,0,
Copa del Rey,0.24,0.27,5,6,0.2565,0.4,0.1435,0.0182,0.1253,0.2425,0.59,-0.2545,0.5415,0.29293399099544604,0,
UEFA Women's Champions League,0.18,0.21,3,3,0.195,0.3333,0.1383,0.0165,0.1218,0.3283,0.42,-0.195,0.795,0.35724664050342925,0,
Chinese Super League,0.27,0.30000000000000004,19,27,0.2826,0.4211,0.1384,0.0188,0.1196,0.1161,1.19,-0.0726,0.3488,0.12433612570731445,0,
Ligue 1,0.24,0.27,55,90,0.2522,0.3818,0.1296,0.0181,0.1115,0.0661,1.96,0.0002,0.2587,0.027586971706233362,0,0.103767
MLS,0.21,0.24,17,28,0.2244,0.3529,0.1285,0.0174,0.1111,0.1195,1.08,-0.1041,0.365,0.14895947611157803,0,
Premier League,0.15,0.18,48,79,0.1671,0.2917,0.1246,0.0157,0.109,0.0664,1.88,-0.0009,0.2503,0.03335361143093658,0,0.103767
Eliteserien,0.24,0.27,8,12,0.2516,0.375,0.1234,0.0181,0.1053,0.1825,0.68,-0.1306,0.4966,0.2602439007196906,0,
College Football,0.27,0.30000000000000004,30,48,0.2804,0.4,0.1196,0.0188,0.1008,0.0909,1.32,-0.0465,0.2874,0.0992112432648268,0,
UEFA Europa League,0.18,0.21,32,48,0.1956,0.3125,0.1169,0.0166,0.1003,0.0832,1.4,-0.0397,0.2746,0.08506435293191056,0,
Süper Lig,0.27,0.30000000000000004,20,33,0.2824,0.4,0.1176,0.0188,0.0988,0.1126,1.04,-0.0843,0.365,0.15468686739336857,0,
DFB-Pokal,0.21,0.24,3,6,0.2175,0.3333,0.1158,0.0172,0.0986,0.3296,0.35,-0.2175,0.775,0.3794127662175395,0,
Liga MX,0.24,0.27,38,57,0.2523,0.3684,0.1161,0.0181,0.098,0.0791,1.47,-0.0414,0.2741,0.07530342831112621,0,
Eredivisie,0.27,0.30000000000000004,5,6,0.2865,0.4,0.1135,0.0189,0.0946,0.2451,0.46,-0.289,0.516,0.3336764572702874,0,
Club Friendlies,0.21,0.24,3,3,0.2217,0.3333,0.1117,0.0173,0.0943,0.3317,0.34,-0.225,0.775,0.38420498555703714,0,
NBA,0.15,0.18,22,41,0.1636,0.2727,0.1091,0.0155,0.0935,0.0975,1.12,-0.0727,0.2932,0.13782807819816642,0,
Bundesliga,0.21,0.24,51,85,0.2238,0.3333,0.1096,0.0174,0.0922,0.0668,1.64,-0.0253,0.2455,0.05352901491987227,0,0.136256
Brasileirão Série A,0.21,0.24,27,35,0.2244,0.3333,0.109,0.0174,0.0916,0.0921,1.18,-0.0743,0.2934,0.12361764972278236,0,
Liga MX,0.21,0.24,21,30,0.2263,0.3333,0.107,0.0175,0.0896,0.1051,1.02,-0.0839,0.2986,0.16027353843248154,0,
March Madness,0.21,0.24,3,4,0.2267,0.3333,0.1067,0.0175,0.0892,0.3317,0.32,-0.235,0.77,0.3891412096615259,0,
Saudi Pro League,0.24,0.27,14,19,0.252,0.3571,0.1052,0.0181,0.0871,0.1325,0.79,-0.1102,0.3873,0.2207601406661477,0,
Coppa Italia,0.21,0.24,3,3,0.2317,0.3333,0.1017,0.0176,0.0841,0.3342,0.3,-0.235,0.77,0.3948419647411957,0,
Liga Profesional de Fútbol,0.24,0.27,14,15,0.2561,0.3571,0.1011,0.0182,0.0828,0.1325,0.76,-0.1143,0.3843,0.2296279081813875,0,
LoL,0.18,0.21,7,9,0.19,0.2857,0.0957,0.0164,0.0793,0.1838,0.52,-0.19,0.515,0.3106017724920979,0,
FIFA Friendlies,0.18,0.21,21,28,0.1915,0.2857,0.0942,0.0164,0.0777,0.1008,0.93,-0.0964,0.2856,0.1807612030681089,0,
FIFA Friendlies,0.24,0.27,57,69,0.2552,0.3509,0.0956,0.0182,0.0774,0.0637,1.5,-0.0257,0.2179,0.06935298805280886,0,0.149376
Süper Lig,0.18,0.21,7,13,0.1932,0.2857,0.0925,0.0165,0.076,0.1837,0.5,-0.1932,0.3786,0.31622196880987585,0,
CONCACAF Nations League,0.27,0.30000000000000004,8,9,0.2809,0.375,0.0941,0.0188,0.0753,0.1843,0.51,-0.1641,0.4709,0.3127093218629555,0,
Leagues Cup,0.27,0.30000000000000004,8,11,0.2812,0.375,0.0938,0.0188,0.0749,0.1839,0.51,-0.2797,0.4678,0.31289955578819184,0,
Liga Profesional de Fútbol,0.15,0.18,8,11,0.1631,0.25,0.0869,0.0155,0.0713,0.1657,0.52,-0.1684,0.3441,0.30816784809502384,0,
Süper Lig,0.15,0.18,12,20,0.164,0.25,0.086,0.0156,0.0705,0.1314,0.65,-0.164,0.3381,0.2630275212862216,0,
UEFA Nations League,0.15,0.18,24,29,0.1641,0.25,0.0859,0.0156,0.0703,0.0903,0.95,-0.08,0.2922,0.17587345940099264,0,
UEFA Europa League,0.27,0.30000000000000004,54,88,0.2819,0.3704,0.0885,0.0188,0.0697,0.0662,1.34,-0.04,0.2181,0.09333654854308596,0,0.163339
College Football,0.15,0.18,20,33,0.1661,0.25,0.0839,0.0156,0.0683,0.0994,0.84,-0.0686,0.2847,0.20441137605010629,0,
Saudi Pro League,0.18,0.21,11,14,0.1895,0.2727,0.0832,0.0164,0.0668,0.1409,0.59,-0.1875,0.357,0.28405708799609886,0,
PGA,0.24,0.27,6,6,0.2497,0.3333,0.0837,0.0181,0.0656,0.2126,0.39,-0.2542,0.4233,0.3550940810197821,0,
Premier League,0.21,0.24,75,127,0.2242,0.3067,0.0824,0.0174,0.065,0.0536,1.54,-0.0123,0.1898,0.06420132796499703,0,0.149376
CONCACAF Nations League,0.24,0.27,12,13,0.2529,0.3333,0.0804,0.0181,0.0623,0.1436,0.56,-0.1729,0.3375,0.29332617057537497,0,
NFL,0.27,0.30000000000000004,19,29,0.2873,0.3684,0.0811,0.0189,0.0621,0.1137,0.71,-0.1298,0.2937,0.24243186196280175,0,
Dota 2,0.24,0.27,3,3,0.2533,0.3333,0.08,0.0182,0.0618,0.3275,0.24,-0.255,0.735,0.414903247163653,0,
IPL,0.24,0.27,3,3,0.2545,0.3333,0.0788,0.0182,0.0606,0.3331,0.24,-0.2595,0.745,0.4174729672998513,0,
UEFA Champions League,0.21,0.24,23,34,0.2264,0.3043,0.0779,0.0175,0.0605,0.0979,0.8,-0.0969,0.2538,0.21727529017266284,0,
Premier League,0.24,0.27,106,186,0.2536,0.3302,0.0766,0.0182,0.0585,0.0458,1.67,-0.0102,0.1619,0.04852124207471083,0,0.135859
International,0.24,0.27,3,6,0.2567,0.3333,0.0767,0.0182,0.0584,0.3342,0.23,-0.26,0.745,0.41993301236446867,0,
UEFA Nations League,0.27,0.30000000000000004,53,70,0.2829,0.3585,0.0756,0.0188,0.0567,0.0665,1.14,-0.056,0.2069,0.13042083621844267,0,0.205328
FIFA Friendlies,0.21,0.24,34,42,0.225,0.2941,0.0691,0.0174,0.0517,0.0793,0.87,-0.0782,0.2165,0.19486626450222178,0,
A-League Men,0.27,0.30000000000000004,14,22,0.287,0.3571,0.0702,0.0189,0.0512,0.1326,0.53,-0.1459,0.3554,0.30275871503064894,0,
World Cup,0.27,0.30000000000000004,170,244,0.2831,0.3529,0.0698,0.0188,0.051,0.0369,1.89,-0.0012,0.142,0.029917145429678757,0,0.103767
LaLiga,0.21,0.24,70,105,0.2245,0.2857,0.0612,0.0174,0.0438,0.0544,1.13,-0.0404,0.1747,0.1319967831549706,0,0.205328
UEFA Champions League,0.18,0.21,16,21,0.1909,0.25,0.0591,0.0164,0.0426,0.1107,0.53,-0.1277,0.2473,0.30081376131460863,0,
NFL,0.21,0.24,14,24,0.2275,0.2857,0.0582,0.0175,0.0407,0.1249,0.47,-0.1571,0.34,0.3243981970454829,0,
NBA,0.18,0.21,16,31,0.1943,0.25,0.0557,0.0165,0.0392,0.1119,0.5,-0.1325,0.2456,0.3129804114351835,0,
2. Bundesliga,0.27,0.30000000000000004,6,11,0.2796,0.3333,0.0537,0.0188,0.035,0.2095,0.26,-0.28,0.3875,0.4038802844986976,0,
WNBA,0.24,0.27,26,29,0.2553,0.3077,0.0524,0.0182,0.0342,0.0923,0.57,-0.1035,0.2442,0.2876712973478188,0,
World Cup,0.18,0.21,162,226,0.1933,0.2407,0.0474,0.0165,0.0309,0.0336,1.41,-0.0147,0.1153,0.08028843021635321,0,0.160577
K League 1,0.27,0.30000000000000004,3,4,0.2892,0.3333,0.0442,0.019,0.0252,0.3379,0.13,-0.295,0.72,0.4539857737206942,0,
PGA,0.27,0.30000000000000004,3,3,0.2917,0.3333,0.0417,0.019,0.0226,0.3317,0.13,-0.295,0.705,0.45575962616241994,0,
UEFA Nations League,0.21,0.24,19,23,0.2232,0.2632,0.04,0.0174,0.0226,0.1041,0.38,-0.1211,0.2521,0.35266797042535725,0,
World Cup,0.21,0.24,157,232,0.2237,0.2611,0.0375,0.0174,0.0201,0.0352,1.07,-0.0322,0.1133,0.14413617397929088,0,0.212411
LaLiga,0.27,0.30000000000000004,118,198,0.2838,0.322,0.0382,0.0189,0.0194,0.0432,0.88,-0.0385,0.1233,0.18907882749114446,0,0.26471
World Cup,0.15,0.18,240,346,0.1618,0.1958,0.0341,0.0155,0.0186,0.0257,1.33,-0.0155,0.0841,0.09286138710180514,0,0.163339
Eredivisie,0.24,0.27,7,12,0.2496,0.2857,0.0361,0.0181,0.018,0.1863,0.19,-0.2539,0.3271,0.42642406562657725,0,
2. Bundesliga,0.24,0.27,7,10,0.25,0.2857,0.0357,0.0181,0.0176,0.1841,0.19,-0.2514,0.325,0.42630586045432056,0,
NHL,0.24,0.27,7,13,0.25,0.2857,0.0357,0.0181,0.0176,0.1832,0.19,-0.25,0.455,0.4259239282741505,0,
UFC,0.15,0.18,5,6,0.167,0.2,0.033,0.0157,0.0173,0.2005,0.16,-0.173,0.435,0.43863554706166613,0,
LoL,0.24,0.27,14,15,0.2539,0.2857,0.0318,0.0182,0.0136,0.124,0.26,-0.1811,0.2464,0.4008712862508818,0,
Liga Profesional de Fútbol,0.21,0.24,12,18,0.2229,0.25,0.0271,0.0174,0.0097,0.1298,0.21,-0.22,0.2765,0.41924822980556586,0,
Copa Sudamericana,0.21,0.24,8,13,0.2231,0.25,0.0269,0.0174,0.0095,0.1641,0.16,-0.2259,0.4016,0.4372680506858933,0,
UFC,0.21,0.24,8,14,0.2241,0.25,0.0259,0.0174,0.0085,0.1627,0.16,-0.2238,0.284,0.4389068432229703,0,
Premier League,0.27,0.30000000000000004,84,144,0.2825,0.3095,0.027,0.0188,0.0082,0.0509,0.53,-0.0685,0.1235,0.2982915011463444,0,0.397722
Europe WC Qualifiers,0.15,0.18,16,23,0.1641,0.1875,0.0234,0.0156,0.0078,0.101,0.23,-0.1634,0.2133,0.409990062595831,0,
Europe WC Qualifiers,0.18,0.21,14,17,0.1905,0.2143,0.0237,0.0164,0.0073,0.1141,0.21,-0.19,0.2404,0.41920136404298347,0,
Ligue 1,0.18,0.21,46,75,0.1947,0.2174,0.0227,0.0165,0.0062,0.0616,0.37,-0.0874,0.1528,0.35694662958030177,0,0.454296
Bundesliga,0.15,0.18,27,42,0.1635,0.1852,0.0217,0.0155,0.0061,0.0761,0.28,-0.1244,0.1705,0.3890681243979114,0,
UEFA Champions League,0.24,0.27,22,34,0.2516,0.2727,0.0211,0.0181,0.003,0.0974,0.22,-0.161,0.2038,0.4152999848880087,0,
Bundesliga,0.18,0.21,33,53,0.1949,0.2121,0.0172,0.0165,0.0007,0.0725,0.24,-0.1061,0.1682,0.40697738393168736,0,
UEFA Europa League,0.24,0.27,41,63,0.253,0.2683,0.0153,0.0182,-0.0029,0.07,0.22,-0.1073,0.1395,0.4141845736233004,0,0.483215
LaLiga,0.24,0.27,86,140,0.2533,0.2674,0.0142,0.0182,-0.004,0.0478,0.3,-0.0776,0.1075,0.3836723945754644,0,0.467079
Saudi Pro League,0.21,0.24,17,19,0.226,0.2353,0.0093,0.0174,-0.0082,0.1052,0.09,-0.1665,0.2415,0.46547400237152325,0,
Ligue 1,0.15,0.18,23,39,0.1677,0.1739,0.0062,0.0157,-0.0095,0.0808,0.08,-0.1249,0.1803,0.4697796853108234,0,
NHL,0.15,0.18,6,11,0.1608,0.1667,0.0058,0.0154,-0.0096,0.1639,0.04,-0.1633,0.3342,0.4864914432061025,0,
Coppa Italia,0.18,0.21,5,7,0.195,0.2,0.005,0.0165,-0.0115,0.1976,0.03,-0.199,0.4,0.49051018046018263,0,
WNBA,0.15,0.18,12,13,0.1643,0.1667,0.0023,0.0156,-0.0132,0.1116,0.02,-0.165,0.2471,0.49184866543083605,0,
World Cup,0.24,0.27,166,245,0.2547,0.259,0.0043,0.0182,-0.0139,0.0341,0.13,-0.0568,0.0765,0.4500380907129128,0,0.504043
College Football,0.21,0.24,31,50,0.2229,0.2258,0.0029,0.0174,-0.0145,0.076,0.04,-0.1269,0.1598,0.4849407729063253,0,
UEFA Europa League,0.21,0.24,31,47,0.223,0.2258,0.0028,0.0174,-0.0145,0.0763,0.04,-0.1276,0.1624,0.48537395992768173,0,
Copa Sudamericana,0.15,0.18,6,8,0.1663,0.1667,0.0004,0.0156,-0.0152,0.1674,0.0,-0.1708,0.3362,0.4990553650747066,0,
UEFA Champions League,0.15,0.18,13,18,0.1625,0.1538,-0.0087,0.0155,-0.0242,0.1039,-0.08,-0.1642,0.2212,0.5325092727186159,0,
Ligue 1,0.27,0.30000000000000004,47,74,0.2821,0.2766,-0.0055,0.0188,-0.0244,0.0658,-0.08,-0.132,0.1232,0.5333040563724039,0,0.574327
LoL,0.27,0.30000000000000004,18,20,0.284,0.2778,-0.0062,0.0189,-0.0251,0.1087,-0.06,-0.2253,0.2151,0.5225843274100469,0,
CONCACAF Nations League,0.18,0.21,11,14,0.1927,0.1818,-0.0109,0.0165,-0.0274,0.1224,-0.09,-0.1945,0.2611,0.5346332912218676,0,
WTA Tour,0.24,0.27,4,5,0.2606,0.25,-0.0106,0.0183,-0.029,0.2502,-0.04,-0.2672,0.4887,0.5155996823572886,0,
Leagues Cup,0.21,0.24,5,5,0.221,0.2,-0.021,0.0173,-0.0383,0.1965,-0.11,-0.221,0.373,0.5399780421484093,0,
Europe WC Qualifiers,0.24,0.27,13,16,0.2544,0.2308,-0.0237,0.0182,-0.0418,0.1224,-0.19,-0.2531,0.2094,0.5750324471592065,0,
UEFA Nations League,0.18,0.21,24,36,0.1921,0.1667,-0.0254,0.0165,-0.0419,0.0783,-0.32,-0.1525,0.1422,0.6258395106378623,0,
Copa Sudamericana,0.18,0.21,6,6,0.1925,0.1667,-0.0258,0.0165,-0.0423,0.1652,-0.16,-0.1958,0.305,0.5590713767633118,0,
LaLiga,0.15,0.18,37,60,0.1641,0.1351,-0.0289,0.0156,-0.0445,0.0572,-0.51,-0.1367,0.1041,0.6919871657880277,0,
Premier League,0.18,0.21,55,87,0.1944,0.1636,-0.0308,0.0165,-0.0473,0.0502,-0.61,-0.1214,0.0768,0.7290705078862378,0,0.756073
NFL,0.24,0.27,18,31,0.2526,0.2222,-0.0304,0.0181,-0.0486,0.1009,-0.3,-0.199,0.1894,0.6166676879896822,0,
UEFA Champions League,0.27,0.30000000000000004,16,28,0.2802,0.25,-0.0302,0.0188,-0.0489,0.1119,-0.27,-0.2191,0.2202,0.604359302014071,0,
FIFA Friendlies,0.15,0.18,39,44,0.162,0.1282,-0.0338,0.0155,-0.0493,0.0539,-0.63,-0.1356,0.0694,0.7325818522733024,0,
WNBA,0.27,0.30000000000000004,32,36,0.281,0.25,-0.031,0.0188,-0.0498,0.0774,-0.4,-0.1855,0.1246,0.6542526966893136,0,
NBA,0.24,0.27,9,18,0.255,0.2222,-0.0328,0.0182,-0.051,0.1475,-0.22,-0.2583,0.2994,0.5851533230526469,0,
UFC,0.27,0.30000000000000004,8,12,0.2886,0.25,-0.0386,0.019,-0.0575,0.1634,-0.24,-0.2896,0.3344,0.5899246759862602,0,
Allsvenskan,0.27,0.30000000000000004,4,6,0.2906,0.25,-0.0406,0.019,-0.0596,0.2519,-0.16,-0.2938,0.4631,0.5589421372804788,0,
CONCACAF Nations League,0.15,0.18,9,11,0.1594,0.1111,-0.0483,0.0154,-0.0637,0.1117,-0.43,-0.1628,0.1761,0.6616958718015074,0,
College Football,0.24,0.27,34,53,0.2523,0.2059,-0.0464,0.0181,-0.0646,0.0703,-0.66,-0.1657,0.0988,0.7434393079171651,0,
NHL,0.18,0.21,7,14,0.1928,0.1429,-0.0499,0.0165,-0.0664,0.1434,-0.35,-0.1984,0.2379,0.6302319123954789,0,
Copa Libertadores,0.21,0.24,6,7,0.2192,0.1667,-0.0525,0.0173,-0.0698,0.1645,-0.32,-0.22,0.2775,0.6187328497106535,0,
FIFA Club World Cup,0.21,0.24,6,6,0.2192,0.1667,-0.0525,0.0173,-0.0698,0.1685,-0.31,-0.2267,0.2858,0.6160067622510768,0,
UEFA Nations League,0.24,0.27,43,49,0.252,0.186,-0.066,0.0181,-0.0841,0.0603,-1.09,-0.1822,0.0524,0.859680718564201,0,0.859681
Copa Libertadores,0.24,0.27,6,9,0.2492,0.1667,-0.0825,0.0181,-0.1006,0.167,-0.49,-0.2533,0.2525,0.6788612910969098,0,
Coppa Italia,0.27,0.30000000000000004,5,5,0.284,0.2,-0.084,0.0189,-0.1029,0.201,-0.42,-0.29,0.32,0.6512378501092486,0,
March Madness,0.24,0.27,6,8,0.2546,0.1667,-0.0879,0.0182,-0.1061,0.1681,-0.52,-0.2617,0.2496,0.688318234646218,0,
NHL,0.21,0.24,15,29,0.2232,0.1333,-0.0898,0.0174,-0.1072,0.0902,-1.0,-0.2237,0.1083,0.8320247033321302,0,
NFL,0.15,0.18,14,23,0.1645,0.0714,-0.0931,0.0156,-0.1087,0.0722,-1.29,-0.1681,0.0532,0.8901927009128249,0,
College Football,0.18,0.21,22,32,0.1924,0.0909,-0.1015,0.0165,-0.1179,0.0634,-1.6,-0.1949,0.036,0.937690888638303,0,
CONCACAF Nations League,0.21,0.24,9,11,0.2206,0.1111,-0.1094,0.0173,-0.1267,0.1093,-1.0,-0.2211,0.1106,0.8269608564356894,0,
EFL Championship,0.21,0.24,10,15,0.2247,0.1,-0.1247,0.0174,-0.1422,0.0994,-1.25,-0.2275,0.076,0.8793674202263777,0,
WNBA,0.18,0.21,17,17,0.1942,0.0588,-0.1354,0.0165,-0.1519,0.0594,-2.28,-0.1974,-0.0156,0.98158592215768,0,
Copa do Brasil,0.27,0.30000000000000004,7,7,0.2886,0.1429,-0.1457,0.019,-0.1647,0.1418,-1.03,-0.2914,0.14,0.8280939622858391,0,
NBA,0.27,0.30000000000000004,22,43,0.2841,0.1364,-0.1477,0.0189,-0.1666,0.0745,-1.98,-0.2832,0.0311,0.9696362188596805,0,
Eliteserien,0.15,0.18,1,2,0.155,0.0,-0.155,0.0152,-0.1702,,,,,1.0,0,
International,0.15,0.18,1,2,0.155,0.0,-0.155,0.0152,-0.1702,,,,,1.0,0,
WNBA,0.21,0.24,15,19,0.221,0.0667,-0.1543,0.0173,-0.1716,0.066,-2.34,-0.223,-0.021,0.9825825087181341,0,
Chess,0.15,0.18,5,5,0.1587,0.0,-0.1587,0.0154,-0.1741,0.0022,-72.51,-0.1626,-0.1551,0.9999998916237484,0,
UEFA Conference League,0.27,0.30000000000000004,8,13,0.2803,0.125,-0.1553,0.0188,-0.1741,0.1251,-1.24,-0.2841,0.0956,0.8728376391511128,0,
Copa Sudamericana,0.27,0.30000000000000004,8,12,0.2816,0.125,-0.1566,0.0188,-0.1754,0.1246,-1.26,-0.2863,0.0944,0.8754583661428508,0,
Coupe de France,0.15,0.18,3,5,0.1617,0.0,-0.1617,0.0155,-0.1771,0.0044,-36.66,-0.17,-0.155,0.9996284303324589,0,
DFB-Pokal,0.15,0.18,3,6,0.1617,0.0,-0.1617,0.0155,-0.1771,0.0073,-22.25,-0.175,-0.15,0.9989933764624144,0,
Boxing,0.15,0.18,4,6,0.1621,0.0,-0.1621,0.0155,-0.1776,0.0027,-60.52,-0.1675,-0.1587,0.999995030676762,0,
Darts,0.15,0.18,2,2,0.1625,0.0,-0.1625,0.0155,-0.178,0.0125,-13.0,-0.175,-0.15,0.9755627480278026,0,
Call of Duty,0.15,0.18,1,1,0.165,0.0,-0.165,0.0156,-0.1806,,,,,1.0,0,
March Madness,0.15,0.18,5,8,0.166,0.0,-0.166,0.0156,-0.1816,0.0047,-35.7,-0.174,-0.158,0.9999981620554009,0,
Copa Libertadores,0.27,0.30000000000000004,8,11,0.2881,0.125,-0.1631,0.019,-0.1821,0.124,-1.32,-0.2909,0.0863,0.8850388807420925,0,
WTA Tour,0.15,0.18,3,4,0.1688,0.0,-0.1688,0.0157,-0.1845,0.0057,-29.79,-0.1745,-0.1575,0.9994376899543418,0,
Men's Olympic Hockey,0.15,0.18,1,2,0.17,0.0,-0.17,0.0158,-0.1858,,,,,1.0,0,
Valorant,0.15,0.18,1,1,0.17,0.0,-0.17,0.0158,-0.1858,,,,,1.0,0,
Coppa Italia,0.15,0.18,3,5,0.1717,0.0,-0.1717,0.0158,-0.1875,0.0033,-51.5,-0.175,-0.165,0.9998115873696645,0,
Austria Bundesliga,0.15,0.18,1,2,0.1725,0.0,-0.1725,0.0158,-0.1883,,,,,1.0,0,
Asia FIBA World Cup Qualifiers,0.15,0.18,1,2,0.175,0.0,-0.175,0.0159,-0.1909,,,,,1.0,0,
Copa del Rey,0.15,0.18,1,1,0.175,0.0,-0.175,0.0159,-0.1909,,,,,1.0,0,
Copa do Brasil,0.15,0.18,1,2,0.175,0.0,-0.175,0.0159,-0.1909,,,,,1.0,0,
Ekstraklasa,0.15,0.18,1,1,0.175,0.0,-0.175,0.0159,-0.1909,,,,,1.0,0,
LigaPro Serie A,0.15,0.18,1,1,0.175,0.0,-0.175,0.0159,-0.1909,,,,,1.0,0,
UEFA Women's Champions League,0.15,0.18,1,1,0.175,0.0,-0.175,0.0159,-0.1909,,,,,1.0,0,
LigaPro Serie A,0.18,0.21,1,1,0.18,0.0,-0.18,0.0161,-0.1961,,,,,1.0,0,
Valorant,0.18,0.21,1,1,0.185,0.0,-0.185,0.0162,-0.2012,,,,,1.0,0,
Belgium Pro League,0.18,0.21,1,2,0.1875,0.0,-0.1875,0.0163,-0.2038,,,,,1.0,0,
Scottish Premiership,0.18,0.21,2,2,0.1875,0.0,-0.1875,0.0163,-0.2038,0.0025,-75.0,-0.19,-0.185,0.9957561196615,0,
Formula 1,0.18,0.21,2,4,0.1878,0.0,-0.1878,0.0163,-0.2041,0.0028,-68.27,-0.1905,-0.185,0.9953380048143271,0,
Liga Profesional de Fútbol,0.18,0.21,8,13,0.1891,0.0,-0.1891,0.0164,-0.2054,0.0025,-75.71,-0.1938,-0.1847,0.9999999999907734,0,
UFC,0.18,0.21,6,9,0.1892,0.0,-0.1892,0.0164,-0.2055,0.0033,-57.84,-0.1958,-0.185,0.9999999853931443,0,
Call of Duty,0.18,0.21,1,1,0.19,0.0,-0.19,0.0164,-0.2064,,,,,1.0,0,
March Madness,0.18,0.21,4,6,0.1902,0.0,-0.1902,0.0164,-0.2067,0.0049,-38.65,-0.2,-0.185,0.9999809485133357,0,
2. Bundesliga,0.18,0.21,3,4,0.1917,0.0,-0.1917,0.0164,-0.2081,0.0067,-28.75,-0.205,-0.185,0.9993961806235531,0,
Boxing,0.18,0.21,4,7,0.1938,0.0,-0.1938,0.0165,-0.2103,0.0047,-40.94,-0.2,-0.185,0.9999839662731124,0,
Poker,0.18,0.21,1,1,0.194,0.0,-0.194,0.0165,-0.2105,,,,,1.0,0,
Copa del Rey,0.18,0.21,3,4,0.1942,0.0,-0.1942,0.0165,-0.2107,0.0055,-35.53,-0.205,-0.1875,0.9996044412344124,0,
Chess,0.18,0.21,1,1,0.195,0.0,-0.195,0.0165,-0.2115,,,,,1.0,0,
German Super Cup,0.18,0.21,1,1,0.195,0.0,-0.195,0.0165,-0.2115,,,,,1.0,0,
ATP Tour,0.18,0.21,1,1,0.1985,0.0,-0.1985,0.0167,-0.2152,,,,,1.0,0,
DFB-Pokal,0.18,0.21,1,2,0.2,0.0,-0.2,0.0167,-0.2167,,,,,1.0,0,
IPL,0.18,0.21,1,1,0.2,0.0,-0.2,0.0167,-0.2167,,,,,1.0,0,
Allsvenskan,0.18,0.21,1,2,0.205,0.0,-0.205,0.0168,-0.2218,,,,,1.0,0,
UEFA Super Cup,0.18,0.21,1,1,0.205,0.0,-0.205,0.0168,-0.2218,,,,,1.0,0,
Austria Bundesliga,0.21,0.24,1,2,0.21,0.0,-0.21,0.017,-0.227,,,,,1.0,0,
NCAA Baseball,0.21,0.24,1,2,0.2125,0.0,-0.2125,0.0171,-0.2296,,,,,1.0,0,
Africa WC Qualifiers,0.21,0.24,2,2,0.215,0.0,-0.215,0.0171,-0.2321,0.0,,-0.215,-0.215,1.0,0,
German Super Cup,0.21,0.24,1,1,0.215,0.0,-0.215,0.0171,-0.2321,,,,,1.0,0,
UEFA Super Cup,0.21,0.24,1,1,0.215,0.0,-0.215,0.0171,-0.2321,,,,,1.0,0,
UEFA Women's Champions League,0.21,0.24,1,1,0.215,0.0,-0.215,0.0171,-0.2321,,,,,1.0,0,
NHL,0.27,0.30000000000000004,15,30,0.2817,0.0667,-0.215,0.0188,-0.2338,0.0668,-3.22,-0.2847,-0.08,0.9969015497340651,0,
Africa Cup of Nations,0.21,0.24,1,1,0.22,0.0,-0.22,0.0173,-0.2373,,,,,1.0,0,
Copa del Rey,0.21,0.24,4,4,0.22,0.0,-0.22,0.0173,-0.2373,0.0046,-48.2,-0.2275,-0.2125,0.9999901680811769,0,
WTA Tour,0.21,0.24,3,5,0.22,0.0,-0.22,0.0173,-0.2373,0.0013,-174.84,-0.2215,-0.2175,0.9999836440532747,0,
Boxing,0.21,0.24,4,6,0.2213,0.0,-0.2213,0.0173,-0.2386,0.0013,-177.0,-0.2238,-0.22,0.9999998011749736,0,
IIHF World Championship,0.21,0.24,1,1,0.225,0.0,-0.225,0.0174,-0.2424,,,,,1.0,0,
Indian Premier League,0.21,0.24,1,2,0.2265,0.0,-0.2265,0.0175,-0.244,,,,,1.0,0,
ATP Tour,0.21,0.24,2,2,0.228,0.0,-0.228,0.0175,-0.2455,0.003,-76.0,-0.231,-0.225,0.9958119537051624,0,
Chess,0.21,0.24,1,1,0.235,0.0,-0.235,0.0177,-0.2527,,,,,1.0,0,
Supercopa de España,0.21,0.24,1,1,0.235,0.0,-0.235,0.0177,-0.2527,,,,,1.0,0,
J1 League,0.24,0.27,2,3,0.2425,0.0,-0.2425,0.0179,-0.2604,0.0025,-97.0,-0.245,-0.24,0.9967185710297407,0,
Serie B,0.24,0.27,1,2,0.2425,0.0,-0.2425,0.0179,-0.2604,,,,,1.0,0,
Cycling,0.24,0.27,1,1,0.245,0.0,-0.245,0.0179,-0.2629,,,,,1.0,0,
LigaPro Serie A,0.24,0.27,1,1,0.245,0.0,-0.245,0.0179,-0.2629,,,,,1.0,0,
UEFA Super Cup,0.24,0.27,1,2,0.245,0.0,-0.245,0.0179,-0.2629,,,,,1.0,0,
Wimbledon,0.24,0.27,1,2,0.245,0.0,-0.245,0.0179,-0.2629,,,,,1.0,0,
Boxing,0.24,0.27,1,1,0.25,0.0,-0.25,0.0181,-0.2681,,,,,1.0,0,
Ligue 2,0.24,0.27,1,1,0.25,0.0,-0.25,0.0181,-0.2681,,,,,1.0,0,
Chess,0.24,0.27,2,2,0.2525,0.0,-0.2525,0.0181,-0.2706,0.0075,-33.67,-0.26,-0.245,0.9905480299704104,0,
IIHF World Championship,0.24,0.27,2,2,0.2525,0.0,-0.2525,0.0181,-0.2706,0.0125,-20.2,-0.265,-0.24,0.9842549387982972,0,
Americas FIBA World Cup Qualifiers,0.24,0.27,1,2,0.255,0.0,-0.255,0.0182,-0.2732,,,,,1.0,0,
CONCACAF Champions Cup,0.24,0.27,1,1,0.255,0.0,-0.255,0.0182,-0.2732,,,,,1.0,0,
K League 1,0.24,0.27,2,2,0.2575,0.0,-0.2575,0.0183,-0.2758,0.0075,-34.33,-0.265,-0.25,0.9907314586205928,0,
Indian Premier League,0.24,0.27,1,1,0.26,0.0,-0.26,0.0183,-0.2783,,,,,1.0,0,
Darts,0.24,0.27,1,1,0.265,0.0,-0.265,0.0184,-0.2834,,,,,1.0,0,
Greek Cup,0.24,0.27,1,1,0.265,0.0,-0.265,0.0184,-0.2834,,,,,1.0,0,
UEFA Women's Champions League,0.24,0.27,1,2,0.265,0.0,-0.265,0.0184,-0.2834,,,,,1.0,0,
Belgium Pro League,0.27,0.30000000000000004,1,1,0.27,0.0,-0.27,0.0186,-0.2886,,,,,1.0,0,
Greek Cup,0.27,0.30000000000000004,1,1,0.27,0.0,-0.27,0.0186,-0.2886,,,,,1.0,0,
WTA Tour,0.27,0.30000000000000004,1,1,0.2745,0.0,-0.2745,0.0187,-0.2932,,,,,1.0,0,
FIFA Club World Cup,0.27,0.30000000000000004,2,2,0.275,0.0,-0.275,0.0187,-0.2937,0.0,,-0.275,-0.275,1.0,0,
Supercopa de España,0.27,0.30000000000000004,1,1,0.275,0.0,-0.275,0.0187,-0.2937,,,,,1.0,0,
Chess,0.27,0.30000000000000004,5,6,0.276,0.0,-0.276,0.0187,-0.2947,0.0037,-75.12,-0.283,-0.271,0.999999905889186,0,
Community Shield,0.27,0.30000000000000004,2,4,0.2788,0.0,-0.2788,0.0188,-0.2975,0.0013,-223.0,-0.28,-0.2775,0.9985726109749805,0,
IPL,0.27,0.30000000000000004,1,1,0.2795,0.0,-0.2795,0.0188,-0.2983,,,,,1.0,0,
IIHF World Championship,0.27,0.30000000000000004,1,1,0.28,0.0,-0.28,0.0188,-0.2988,,,,,1.0,0,
March Madness,0.27,0.30000000000000004,4,5,0.2812,0.0,-0.2812,0.0188,-0.3001,0.0037,-75.0,-0.285,-0.2737,0.9999973879644614,0,
Danish Superliga,0.27,0.30000000000000004,1,1,0.285,0.0,-0.285,0.0189,-0.3039,,,,,1.0,0,
UEFA Super Cup,0.27,0.30000000000000004,1,1,0.285,0.0,-0.285,0.0189,-0.3039,,,,,1.0,0,
Serie B,0.27,0.30000000000000004,1,2,0.2875,0.0,-0.2875,0.0189,-0.3064,,,,,1.0,0,
CONCACAF Champions Cup,0.27,0.30000000000000004,1,1,0.29,0.0,-0.29,0.019,-0.309,,,,,1.0,0,
Club Friendlies,0.27,0.30000000000000004,1,1,0.29,0.0,-0.29,0.019,-0.309,,,,,1.0,0,
Formula 1,0.27,0.30000000000000004,1,2,0.295,0.0,-0.295,0.0191,-0.3141,,,,,1.0,0,
