league_name,n_band,mean_price,mean_outcome,bias,t,supported
World Cup,1293,0.219,0.249,0.03,2.49,1
Premier League,623,0.235,0.2986,0.0635,3.46,1
LaLiga,590,0.2406,0.2814,0.0407,2.2,1
Bundesliga,401,0.2369,0.3441,0.1072,4.52,1
Ligue 1,344,0.2309,0.3052,0.0744,2.99,1
UEFA Europa League,279,0.2366,0.3118,0.0752,2.71,1
FIFA Friendlies,251,0.2345,0.3267,0.0921,3.11,1
College Football,216,0.2294,0.2315,0.0021,0.07,0
UEFA Nations League,207,0.2365,0.2609,0.0244,0.8,0
Brasileirão Série A,195,0.245,0.4667,0.2216,6.2,1
Liga MX,181,0.231,0.3591,0.1281,3.59,1
NBA,151,0.2227,0.2517,0.0289,0.82,0
UEFA Champions League,135,0.2303,0.2741,0.0437,1.14,0
MLS,133,0.2353,0.4812,0.2459,5.68,1
NFL,132,0.2298,0.2727,0.043,1.11,0
EFL Championship,117,0.2492,0.5043,0.255,5.52,1
Chinese Super League,114,0.2341,0.5088,0.2746,5.87,1
WNBA,114,0.2382,0.193,-0.0452,-1.22,0
Süper Lig,112,0.2346,0.3929,0.1583,3.43,1
Liga Profesional de Fútbol,97,0.2417,0.2887,0.047,1.02,0
NHL,97,0.2337,0.134,-0.0997,-2.88,0
Saudi Pro League,90,0.2213,0.3444,0.1231,2.46,1
Europe WC Qualifiers,88,0.2186,0.2955,0.0769,1.58,0
Copa Libertadores,75,0.2071,0.2933,0.0863,1.64,0
A-League Men,71,0.2428,0.6056,0.3628,6.26,1
LaLiga2,70,0.2427,0.4714,0.2287,3.83,1
LoL,62,0.2401,0.3387,0.0986,1.64,0
Primeira Liga,60,0.2354,0.4833,0.2479,3.84,1
CONCACAF Nations League,58,0.2193,0.2069,-0.0124,-0.23,0
UEFA Conference League,54,0.2288,0.3519,0.1231,1.89,0
Eredivisie,52,0.2156,0.4423,0.2267,3.29,1
UFC,49,0.2318,0.2857,0.0539,0.83,0
Copa Sudamericana,45,0.2284,0.2667,0.0382,0.58,0
Eliteserien,38,0.2324,0.5789,0.3466,4.33,1
Leagues Cup,38,0.2361,0.4737,0.2376,2.93,1
2. Bundesliga,37,0.2373,0.3784,0.1411,1.77,0
March Madness,31,0.2199,0.0645,-0.1554,-3.52,0
Coppa Italia,29,0.2281,0.2759,0.0478,0.58,0
Allsvenskan,25,0.2468,0.48,0.2332,2.33,0
Boxing,25,0.2133,0.16,-0.0533,-0.73,0
DFB-Pokal,22,0.222,0.2727,0.0507,0.53,0
Copa do Brasil,21,0.2429,0.3333,0.0905,0.88,0
PGA,21,0.2239,0.4762,0.2523,2.31,0
Copa del Rey,19,0.2347,0.2632,0.0284,0.28,0
Wimbledon,19,0.2313,0.5263,0.295,2.58,0
FIFA Club World Cup,18,0.213,0.3333,0.1203,1.08,0
J1 League,18,0.2347,0.4444,0.2097,1.79,0
Scottish Premiership,16,0.2166,0.75,0.5334,4.93,0
WTA Tour,16,0.2227,0.125,-0.0977,-1.18,0
Chess,15,0.2256,0.0,-0.2256,,0
Club Friendlies,14,0.2232,0.5,0.2768,2.07,0
Danish Superliga,14,0.2179,0.5714,0.3536,2.67,0
International,14,0.2436,0.4286,0.185,1.4,0
K League 1,14,0.2468,0.4286,0.1818,1.37,0
Valorant,11,0.2359,0.5455,0.3095,2.06,0
Coupe de France,10,0.1905,0.3,0.1095,0.76,0
Dota 2,9,0.2592,0.4444,0.1852,1.12,0
EuroLeague,8,0.2437,0.875,0.6312,5.4,0
IIHF World Championship,7,0.2143,0.4286,0.2143,1.15,0
IPL,7,0.2411,0.2857,0.0446,0.26,0
UEFA Women's Champions League,7,0.215,0.1429,-0.0721,-0.55,0
Formula 1,6,0.2235,0.0,-0.2235,,0
Serie B,6,0.2442,0.3333,0.0892,0.46,0
Ekstraklasa,5,0.226,0.8,0.574,3.21,0
UEFA Super Cup,5,0.239,0.0,-0.239,,0
Asia FIBA World Cup Qualifiers,4,0.21,0.5,0.29,1.16,0
Austria Bundesliga,4,0.1913,0.0,-0.1913,,0
CS2,4,0.2888,0.5,0.2112,0.84,0
Community Shield,4,0.2788,0.0,-0.2788,,0
LigaPro Serie A,4,0.2213,0.25,0.0287,0.13,0
Men's Olympic Hockey,4,0.1887,0.5,0.3113,1.25,0
Six Nations,4,0.215,1.0,0.785,,0
ATP Tour,3,0.2182,0.0,-0.2182,,0
Belgium Pro League,3,0.215,0.0,-0.215,,0
Darts,3,0.1967,0.0,-0.1967,,0
Indian Premier League,3,0.2377,0.0,-0.2377,,0
Ligue 2,3,0.2733,0.6667,0.3933,1.45,0
Veikkausliiga,3,0.1967,0.6667,0.47,1.73,0
Africa Cup of Nations,2,0.24,0.5,0.26,0.74,0
Africa WC Qualifiers,2,0.215,0.0,-0.215,,0
Americas FIBA World Cup Qualifiers,2,0.255,0.0,-0.255,,0
CONCACAF Champions Cup,2,0.2725,0.0,-0.2725,,0
Call of Duty,2,0.1775,0.0,-0.1775,,0
German Super Cup,2,0.205,0.0,-0.205,,0
Greek Cup,2,0.2675,0.0,-0.2675,,0
Indonesia Liga 1,2,0.2275,1.0,0.7725,,0
J2 League,2,0.2625,1.0,0.7375,,0
NBA Summer League,2,0.2875,0.5,0.2125,0.6,0
NCAA Baseball,2,0.2125,0.0,-0.2125,,0
Rainbow Six Siege,2,0.2075,1.0,0.7925,,0
Supercopa de España,2,0.255,0.0,-0.255,,0
Trophée des Champions,2,0.195,1.0,0.805,,0
Cycling,1,0.245,0.0,-0.245,,0
Poker,1,0.194,0.0,-0.194,,0
Swiss Super League,1,0.285,1.0,0.715,,0
UAE Pro League,1,0.245,1.0,0.755,,0
