league_name,n_rows,n_markets,total_volume,mean_price,mean_outcome,mean_calib_err,abs_calib_err,bias,se,t,reliability,is_cold
World Cup,18729,5093,46758223611.3,0.26582064712477976,0.2723583747130119,0.006537727588232152,0.2558238720700518,0.006537727588232123,0.003252908443157328,2.009809898580021,0.000635748482892778,0
UEFA Champions League,1245,332,7899356623.7,0.24722168674698794,0.2497991967871486,0.0025775100401606416,0.19774538152610444,0.0025775100401606577,0.012268729901292911,0.21008776465842915,0.009351043190653302,0
NFL,3245,1046,7326079183.2,0.35815469953775037,0.3543913713405239,-0.0037633281972265045,0.31367765793528507,-0.0037633281972264676,0.008396898085643296,-0.4481807637585677,0.0020552265386214095,0
LaLiga,3445,1128,3601017740.3,0.3854358490566037,0.4020319303338171,0.01659608127721335,0.3966210449927431,0.016596081277213404,0.008353618881988212,1.9866936128720583,0.0018607184401602977,0
Premier League,2821,945,1511005686.3,0.40851417936901807,0.4055299539170507,-0.002984225451967387,0.42556274370790503,-0.0029842254519673594,0.009244318802849026,-0.32281723679279045,0.005295051210397755,0
College Football,2187,896,1504371363.7,0.3655697302240512,0.3616826703246456,-0.00388705989940558,0.31486556927297665,-0.003887059899405576,0.010274430915667434,-0.37832362018982635,0.002128816478781242,0
Boxing,450,94,1024113990.8000001,0.3921166666666666,0.4533333333333333,0.06121666666666666,0.27435666666666664,0.0612166666666667,0.023467340057678372,2.608589917570866,0.030281141782189377,0
NHL,1278,406,763626853.8,0.3994553990610329,0.35758998435054773,-0.04186541471048514,0.35816275430359934,-0.04186541471048516,0.013407055211880037,-3.122640583547987,0.006468149992906859,0
Bundesliga,2723,898,749035885.1,0.41247759823723834,0.47851634226955564,0.0660387440323173,0.4188257436650753,0.0660387440323173,0.009572930767044562,6.898487583307296,0.010747952139850643,0
PGA,579,160,732004292.7,0.04764594127806563,0.08981001727115717,0.042164075993091535,0.09299136442141623,0.04216407599309154,0.011881988667553718,3.548570628436085,0.004934553614402498,0
Ligue 1,1993,654,716745994.2,0.39617711991971905,0.40943301555444056,0.013255895634721522,0.40528850978424485,0.013255895634721515,0.011014692129774527,1.2034740034983498,0.006168039912169643,0
NBA,1528,479,667177256.8,0.43377454188481673,0.43324607329842935,-0.0005284685863874367,0.3564335732984293,-0.0005284685863873873,0.0126766035797453,-0.041688499846423796,0.008942325683523504,0
ATP Tour,724,125,529852605.59999996,0.05483770718232044,0.05386740331491713,-0.0009703038674033148,0.04141091160220994,-0.0009703038674033146,0.008390150284035966,-0.11564797227166751,0.0003191818154916101,0
UEFA Nations League,1544,516,477882383.0,0.43154047927461137,0.40479274611398963,-0.026747733160621765,0.4195825777202073,-0.026747733160621734,0.012491851717470574,-2.1412144304605767,0.008205047312898521,0
UEFA Europa League,1721,631,477339831.4,0.42763596746077864,0.4758861127251598,0.04825014526438117,0.42203922138291694,0.04825014526438115,0.01203854260698654,4.007972296943925,0.005300450022587217,0
FIFA Friendlies,2710,631,460261820.7,0.44116660516605166,0.45018450184501846,0.009017896678966788,0.42768579335793355,0.009017896678966797,0.009556945584707847,0.9435961101836148,0.0025338244721040738,0
LoL,756,365,326631406.4,0.49729034391534394,0.544973544973545,0.047683201058201063,0.44867923280423283,0.047683201058201063,0.018111112824490346,2.6328145332805017,0.009464608028259016,0
WNBA,1098,372,309669092.3,0.4574808743169399,0.43624772313296906,-0.021233151183970858,0.4160218579234972,-0.021233151183970844,0.01496613198973961,-1.4187467542400227,0.004355095354444185,0
March Madness,567,160,296008826.8,0.1357195767195767,0.13756613756613756,0.001846560846560846,0.1355978835978836,0.0018465608465608463,0.014465289925546238,0.12765460326514103,0.0025591343245014763,0
WTA Tour,666,115,288283451.2,0.05361261261261262,0.04804804804804805,-0.005564564564564566,0.07042492492492493,-0.00556456456456457,0.00828720866865005,-0.6714642754942254,0.00181642435514477,0
Indian Premier League,180,50,255494207.70000002,0.36917777777777777,0.36666666666666664,-0.002511111111111122,0.3879555555555555,-0.0025111111111111306,0.03591828861165469,-0.06991176941254185,0.04370560455974714,0
MLS,1514,339,252473141.9,0.4266436591809775,0.42800528401585203,0.0013616248348745036,0.4724613606340819,0.0013616248348745086,0.012716208383820272,0.10707789568838773,0.012020671153573645,0
Wimbledon,377,99,232347022.0,0.3021896551724138,0.29973474801061006,-0.002454907161803714,0.27056100795755966,-0.0024549071618037432,0.023595498651643242,-0.10404133424121462,0.011313355987501585,0
Serie A,166,29,224666468.6,0.0763343373493976,0.0783132530120482,0.0019789156626505997,0.01788855421686747,0.001978915662650599,0.02085236218087544,0.09490127044050405,7.473237544773694e-07,0
EFL Championship,1488,332,202459166.1,0.44458198924731185,0.46774193548387094,0.02315994623655914,0.48447983870967737,0.023159946236559092,0.012934892204414931,1.7905016810773382,0.0075381501718217335,0
Europe WC Qualifiers,833,234,201338009.4,0.43189255702280915,0.42016806722689076,-0.011724489795918365,0.3668937575030012,-0.011724489795918391,0.017101731570245512,-0.6855732560039284,0.008382532913260788,0
Brasileirão Série A,1461,399,198386282.3,0.4408761122518823,0.5051334702258727,0.06425735797399042,0.47667351129363444,0.06425735797399046,0.013080429537335719,4.912480724778912,0.012184182641522432,0
International,369,116,184127357.4,0.5024850948509485,0.4796747967479675,-0.022810298102981033,0.29689972899728995,-0.02281029810298102,0.02600744557310159,-0.8770679934277265,0.008823342888945153,0
Saudi Pro League,1278,332,181071499.0,0.47384389671361504,0.5375586854460094,0.06371478873239438,0.459994131455399,0.06371478873239433,0.013946840307953684,4.5684031168019255,0.008549118358453286,0
Liga MX,1207,351,170573570.1,0.4212456503728252,0.4217067108533554,0.00046106048053024033,0.4638057166528583,0.00046106048053023985,0.01421430720463965,0.0324363666756651,0.006247490666045234,0
Süper Lig,922,263,132570113.0,0.4556664859002169,0.4848156182212581,0.029149132321041216,0.46033134490238614,0.029149132321041216,0.016459028028210015,1.7710117675892494,0.01059779420759432,0
Primeira Liga,820,249,122793375.9,0.4934737804878049,0.525609756097561,0.0321359756097561,0.4203420731707317,0.03213597560975612,0.017437838741971558,1.8428875324100376,0.010396103010215658,0
UFC,408,115,122457179.2,0.46558333333333335,0.46568627450980393,0.00010294117647059296,0.44104901960784315,0.00010294117647058343,0.024695328219921788,0.004168447390285767,0.019001556376143463,0
Eredivisie,1028,249,116856192.8,0.4815330739299611,0.5214007782101168,0.039867704280155646,0.47048249027237354,0.03986770428015568,0.015580280571815753,2.558856632676765,0.015478309674673407,0
Chess,344,87,109319753.5,0.1731046511627907,0.15988372093023256,-0.01322093023255814,0.18426162790697675,-0.013220930232558131,0.019760257618228756,-0.6690666937642492,0.0063069537995807425,0
Chinese Super League,997,260,106147508.5,0.44053259779338017,0.49047141424272817,0.04993881644934805,0.4908615847542628,0.049938816449348,0.015832283146227942,3.15423972576223,0.017718431739959097,0
Copa Libertadores,755,187,92648223.9,0.45009271523178807,0.45695364238410596,0.006860927152317881,0.45196026490066227,0.006860927152317897,0.01812930053464564,0.37844411808422823,0.009697946532510177,0
CONCACAF Nations League,327,138,87683313.8,0.41621406727828747,0.42507645259938837,0.008862385321100919,0.4185688073394495,0.008862385321100896,0.027337871371899247,0.3241797870996859,0.00751344046395322,0
Liga Profesional de Fútbol,728,232,79670644.3,0.40943887362637366,0.43956043956043955,0.030121565934065935,0.48226854395604396,0.030121565934065897,0.018395347728190244,1.6374556425430122,0.018420208922454637,0
A-League Men,756,172,79153049.4,0.44303902116402116,0.4828042328042328,0.03976521164021164,0.49843584656084655,0.03976521164021163,0.018174066702766313,2.188019461497788,0.029438578346035683,0
UEFA Conference League,468,167,77445712.6,0.4622852564102564,0.4935897435897436,0.03130448717948718,0.4599134615384615,0.031304487179487195,0.02311060864794642,1.3545505294283486,0.025849289656103197,0
Copa Sudamericana,588,159,73296751.5,0.4618265306122449,0.4336734693877551,-0.0281530612244898,0.45408843537414967,-0.028153061224489795,0.02043742695744891,-1.3775247384665874,0.004461963645717025,0
Leagues Cup,418,134,69269043.6,0.435622009569378,0.507177033492823,0.07155502392344498,0.4904545454545454,0.07155502392344493,0.024453279845288008,2.926193311333372,0.008890653551728255,0
DFB-Pokal,259,60,65733325.9,0.48230888030888036,0.49034749034749037,0.008038610038610039,0.38279922779922776,0.008038610038610006,0.031062698399879636,0.2587865978391998,0.022113766100775027,0
LaLiga2,480,161,58217478.2,0.43050000000000005,0.5104166666666666,0.07991666666666666,0.48260416666666667,0.07991666666666658,0.022816820050109394,3.502533065131634,0.018270565630883705,0
Copa del Rey,136,48,56529942.7,0.4061764705882353,0.47058823529411764,0.06441176470588235,0.4235294117647059,0.06441176470588234,0.0428004044181764,1.5049335533504458,0.026914949077843413,0
Eliteserien,417,118,54655065.699999996,0.4783693045563549,0.565947242206235,0.08757793764988009,0.47448441247002393,0.08757793764988014,0.024271197625202016,3.6083072208576774,0.015152659197911955,0
2. Bundesliga,389,129,44961421.7,0.43890102827763494,0.48586118251928023,0.04696015424164524,0.5008804627249357,0.04696015424164529,0.025340868656539516,1.8531390884079524,0.013623291731219782,0
Coppa Italia,202,62,40235004.1,0.4374133663366337,0.40594059405940597,-0.03147277227722772,0.4301361386138614,-0.03147277227722772,0.03455178551031774,-0.9108870008419515,0.02709892105724815,0
J1 League,417,110,36989350.7,0.4447242206235012,0.6354916067146283,0.1907673860911271,0.5007194244604317,0.19076738609112714,0.0235689724352677,8.094005227214327,0.0425816765090661,0
Valorant,274,93,35658825.3,0.5329014598540146,0.3759124087591241,-0.1569890510948905,0.4937408759124087,-0.15698905109489053,0.02926111178917886,-5.3651088935365445,0.05131077900518481,0
K League 1,294,85,33487436.2,0.4493877551020408,0.5272108843537415,0.07782312925170068,0.503061224489796,0.0778231292517007,0.029117377270124676,2.672738294034114,0.013812409549117886,0
Formula 1,174,31,30065669.7,0.18285344827586208,0.22413793103448276,0.041284482758620684,0.25036494252873565,0.04128448275862068,0.031613699099037856,1.3059048430013414,0.01337316332571712,0
Dota 2,208,110,29422435.5,0.50509375,0.5480769230769231,0.04298317307692308,0.46071874999999995,0.04298317307692312,0.03450812400637986,1.2455957637388921,0.017091841802620023,0
Danish Superliga,206,61,27439361.3,0.4802912621359223,0.587378640776699,0.10708737864077669,0.49606796116504853,0.10708737864077666,0.03430056844727075,3.1220292691475047,0.03068399266505125,0
Scottish Premiership,198,64,26396765.7,0.5177777777777778,0.6060606060606061,0.08828282828282828,0.4726767676767677,0.0882828282828283,0.03472483085617821,2.5423544508675726,0.010740861799759223,0
FIFA Club World Cup,175,110,25503746.3,0.4335342857142857,0.42857142857142855,-0.004962857142857143,0.3283628571428572,-0.004962857142857158,0.03740878118331298,-0.13266556636897198,0.010029090177263085,0
Club Friendlies,189,88,25201718.0,0.4808465608465608,0.36507936507936506,-0.11576719576719577,0.45434920634920634,-0.11576719576719574,0.03502050965763477,-3.305697058636538,0.026645978283777617,0
CS2,62,35,23831633.0,0.593508064516129,0.5483870967741935,-0.04512096774193549,0.3868951612903226,-0.045120967741935525,0.06320201722813826,-0.7139165760969913,0.007326178660049631,0
Serie B,166,56,22746891.6,0.4685843373493976,0.536144578313253,0.06756024096385542,0.4741867469879518,0.06756024096385543,0.0387059947925754,1.7454722795760533,0.012770709221501392,0
Men's Olympic Hockey,48,18,22702061.0,0.61153125,0.7291666666666666,0.11763541666666667,0.25659375,0.11763541666666666,0.0641421986177471,1.8339785539268818,0.0,0
Coupe de France,102,22,22525029.5,0.4340637254901961,0.6764705882352942,0.24240686274509804,0.4276029411764706,0.24240686274509804,0.04632135528850187,5.233155662983582,0.0597379780758457,0
UEFA Super Cup,33,11,21309606.6,0.3595606060606061,0.45454545454545453,0.09498484848484849,0.3262272727272727,0.09498484848484845,0.08667841720414475,1.095830444863113,0.0,0
Cycling,142,25,20488549.0,0.09736971830985916,0.08450704225352113,-0.01286267605633803,0.028165492957746476,-0.012862676056338035,0.02334155486557903,-0.5510633773290815,1.513184022165781e-05,0
Copa do Brasil,165,54,19295292.7,0.45939393939393935,0.503030303030303,0.04363636363636363,0.45036363636363635,0.043636363636363695,0.03892423232644801,1.1210590685616146,0.01167016025237317,0
Community Shield,20,10,19113161.8,0.36025,0.4,0.039749999999999994,0.37225,0.03975000000000001,0.10954451150103323,0.3628661943471726,0.0,0
Allsvenskan,166,84,17689806.0,0.4631024096385542,0.41566265060240964,-0.04743975903614458,0.4741867469879518,-0.04743975903614456,0.03825148327674388,-1.2402070448595377,0.02139908010522636,0
UEFA Women's Champions League,136,43,13645487.8,0.47844485294117645,0.3897058823529412,-0.0887389705882353,0.3815919117647059,-0.08873897058823527,0.04181851612943798,-2.1220018977614514,0.014489100421637188,0
EuroLeague,120,58,13038982.8,0.52175,0.6333333333333333,0.11158333333333334,0.494,0.11158333333333326,0.04399073976628701,2.5365186838446143,0.0110165435384362,0
NBA Summer League,70,39,12195081.5,0.48807142857142854,0.4142857142857143,-0.07378571428571429,0.4972142857142857,-0.07378571428571423,0.05887675520277079,-1.2532231783425765,0.003362492150706433,0
IPL,92,23,12000289.1,0.2630489130434782,0.20652173913043478,-0.056527173913043474,0.30304891304347825,-0.05652717391304343,0.0422042794034814,-1.3393706683777795,0.003990352109213247,0
Ligue 2,85,29,11740556.7,0.4592941176470588,0.4117647058823529,-0.04752941176470588,0.4718823529411765,-0.047529411764705876,0.05338148311606059,-0.8903726346712529,0.008524565038934229,0
Darts,58,11,11055701.6,0.13388793103448277,0.1724137931034483,0.038525862068965515,0.13285344827586207,0.03852586206896552,0.04959965187779836,0.7767365416975909,0.0011366866743170623,0
T20 Blast,66,22,8946956.7,0.4662727272727273,0.4090909090909091,-0.05718181818181818,0.3468181818181818,-0.05718181818181817,0.060519911222631444,-0.9448430611781037,0.007383239801864794,0
Cricket Australia,90,30,8206437.0,0.5137888888888889,0.5,-0.013788888888888896,0.46334444444444445,-0.01378888888888885,0.05270462766947299,-0.26162577175126317,0.010070153522403515,0
German Super Cup,10,5,7808731.0,0.479,0.4,-0.07899999999999999,0.394,-0.07899999999999996,0.15491933384829668,-0.509942807250643,0.0,0
World Baseball Classic,14,3,7544048.0,0.3914285714285714,0.2857142857142857,-0.10571428571428572,0.129,-0.1057142857142857,0.1207363221040738,-0.8755798078987431,0.0,0
College Basketball,33,7,7485163.8,0.246,0.2727272727272727,0.02672727272727272,0.06624242424242424,0.02672727272727271,0.07752753322022198,0.34474555834702186,2.3088023088023097e-06,0
Pakistan Super League,45,15,7315452.0,0.521,0.6666666666666666,0.14566666666666667,0.45566666666666666,0.1456666666666666,0.07027283689263066,2.0728730062403717,0.0,0
IIHF World Championship,49,16,6263711.7,0.24743877551020407,0.2653061224489796,0.017867346938775508,0.3082551020408163,0.017867346938775536,0.06307086779237299,0.2832900127138601,3.415423861852434e-05,0
Major League Cricket,39,13,6083073.0,0.5395384615384616,0.38461538461538464,-0.1549230769230769,0.4725128205128205,-0.154923076923077,0.07790302823720513,-1.9886656581738427,0.012927350427350439,0
MLB,27,9,5944713.0,0.4387037037037037,0.5555555555555556,0.11685185185185185,0.3237407407407407,0.11685185185185187,0.09562921842487448,1.2219262457284403,0.0,0
ODI,24,8,5769787.5,0.6679166666666667,0.875,0.2070833333333333,0.37833333333333335,0.20708333333333329,0.06750771560841522,3.0675505972463863,0.0001204166666666653,0
Africa Cup of Nations,30,5,5419635.6,0.17709999999999998,0.2,0.0229,0.2844333333333333,0.02290000000000003,0.07302967433402216,0.313571164171708,0.0,0
Test Cricket,33,11,5272432.2,0.36548484848484847,0.2727272727272727,-0.09275757575757577,0.3068787878787879,-0.09275757575757576,0.07752753322022198,-1.1964468867349598,7.806136363636365e-05,0
The Hundred,24,8,4891528.5,0.5967916666666667,0.75,0.1532083333333333,0.39820833333333333,0.15320833333333328,0.08838834764831845,1.7333544229486229,0.0,0
Supercopa de España,3,3,4174014.9000000004,0.33499999999999996,0.3333333333333333,-0.001666666666666668,0.3383333333333334,-0.0016666666666666496,0.2721655269759087,-0.006123724356957883,0.0,0
KHL,6,3,4140206.2,0.43916666666666665,0.6666666666666666,0.22750000000000004,0.5725,0.22749999999999998,0.19245008972987526,1.1821246761657587,0.0,0
Six Nations,48,8,4110381.0,0.5241666666666667,0.5,-0.02416666666666667,0.4260833333333333,-0.02416666666666667,0.07216878364870322,-0.334863156129983,0.0,0
T20 Internationals,24,8,3539939.1,0.6750416666666667,0.625,-0.05004166666666665,0.374625,-0.05004166666666665,0.09882117688026186,-0.5063860626482963,0.0001349999999999986,1
UEFA Women's EURO,26,6,3232307.9,0.2044230769230769,0.19230769230769232,-0.012115384615384615,0.30596153846153845,-0.012115384615384583,0.07729201466043273,-0.15674820573135717,5.5847115384615405e-05,1
Greek Cup,16,8,3023737.8000000003,0.45875,0.375,-0.08375,0.38687499999999997,-0.08374999999999999,0.12103072956898178,-0.6919730245223917,0.0,1
KBO,42,14,3013933.5,0.535952380952381,0.42857142857142855,-0.10738095238095238,0.5276190476190477,-0.10738095238095241,0.07636035483212125,-1.4062395678625401,0.0027032142857142906,1
Call of Duty,45,13,3007860.6,0.5632222222222222,0.3111111111111111,-0.25211111111111106,0.4583333333333333,-0.25211111111111106,0.06901223525245698,-3.653136435718265,0.0,1
European T20 Premier League,30,10,2930866.2,0.4625333333333333,0.4,-0.06253333333333334,0.4675333333333333,-0.06253333333333327,0.08944271909999159,-0.6991439209649336,0.056985625,1
Poker,14,3,2832499.1999999997,0.39675,0.6428571428571429,0.24610714285714286,0.30389285714285713,0.2461071428571429,0.12806020814297073,1.9218080809487723,0.0,1
Belgium Pro League,26,13,2674376.8,0.49500000000000005,0.3076923076923077,-0.18730769230769231,0.4776923076923077,-0.18730769230769234,0.09051513929454648,-2.069352085933072,0.0,1
Africa WC Qualifiers,15,8,2585293.8000000003,0.454,0.26666666666666666,-0.18733333333333332,0.45933333333333337,-0.18733333333333335,0.11417984514369003,-1.6406865248204099,0.0,1
League One,24,8,2442705.0,0.5058333333333334,0.5,-0.005833333333333339,0.5270833333333333,-0.005833333333333357,0.10206207261596575,-0.05715476066494105,0.0,1
J2 League,23,6,2255621.2,0.46304347826086956,0.391304347826087,-0.07173913043478261,0.4934782608695652,-0.07173913043478258,0.10176384751376008,-0.7049569389078211,0.00015695652173913072,1
Asia FIBA World Cup Qualifiers,21,6,2249992.2,0.5223809523809524,0.47619047619047616,-0.046190476190476205,0.4642857142857143,-0.046190476190476226,0.10898516862311035,-0.4238235052900723,0.0,1
The Hundred (W),12,4,2183058.9,0.5187499999999999,0.5,-0.01875,0.45875,-0.018749999999999933,0.14433756729740643,-0.12990381056766534,0.0,1
Swiss Super League,20,12,2039646.1,0.4835,0.65,0.1665,0.47050000000000003,0.16650000000000004,0.1066536450385077,1.5611280790251902,0.0,1
Trophée des Champions,6,3,2025050.2000000002,0.5183333333333334,0.3333333333333333,-0.18500000000000005,0.7216666666666667,-0.1850000000000001,0.19245008972987526,-0.9612881982007274,0.0,1
Liga ACB,18,6,2011663.8,0.5141666666666667,0.3333333333333333,-0.18083333333333332,0.4041666666666667,-0.18083333333333335,0.11111111111111112,-1.6275,0.0,1
KNVB Beker,5,1,1831333.5,0.471,0.0,-0.471,0.471,-0.471,0.0,-inf,0.0,1
Russian Premier League,22,6,1692753.0999999999,0.49977272727272726,0.5,0.00022727272727272494,0.5052272727272727,0.00022727272727274261,0.10660035817780522,0.002132007163556248,0.0,1
Global Super League,18,6,1631016.0,0.5672222222222222,0.6666666666666666,0.09944444444444447,0.5211111111111112,0.09944444444444445,0.11111111111111112,0.8949999999999999,0.0,1
Ekstraklasa,12,7,1599875.5,0.40041666666666664,0.5,0.09958333333333332,0.5620833333333334,0.09958333333333336,0.14433756729740643,0.689933571681603,0.0,1
Caribbean Premier League,18,6,1379968.5,0.5316666666666667,0.5,-0.03166666666666665,0.4633333333333333,-0.03166666666666673,0.11785113019775792,-0.2687005768508886,0.0,1
CBA,12,4,1309683.3,0.7210833333333334,0.75,0.028916666666666643,0.09741666666666664,0.02891666666666659,0.125,0.23133333333333272,0.0,1
Lanka Premier League,15,5,1287655.8,0.486,0.4,-0.08600000000000002,0.5,-0.08599999999999997,0.12649110640673517,-0.6798896969362013,0.0,1
NBL,18,6,1273590.0,0.5435555555555556,0.6666666666666666,0.12311111111111112,0.4881111111111111,0.12311111111111106,0.11111111111111112,1.1079999999999994,0.0,1
Taça de Portugal,13,3,1116519.2,0.4088846153846154,0.0,-0.4088846153846154,0.4088846153846154,-0.4088846153846154,0.0,-inf,0.0,1
Veikkausliiga,13,7,1110005.8,0.3796153846153846,0.7692307692307693,0.38961538461538464,0.5803846153846154,0.3896153846153847,0.11685454235580768,3.334191181281202,0.0,1
Ukrainian Premier League,9,3,1099464.0,0.543888888888889,0.6666666666666666,0.12277777777777778,0.30166666666666664,0.12277777777777765,0.15713484026367724,0.7813529932111342,0.0,1
NCAA Baseball,12,3,1087066.8,0.404125,0.3333333333333333,-0.07079166666666666,0.46737499999999993,-0.0707916666666667,0.13608276348795434,-0.5202103841235777,0.0,1
ASEAN Championship,11,11,979537.5,0.4872727272727273,0.5454545454545454,0.058181818181818175,0.45545454545454545,0.05818181818181811,0.150131422517231,0.3875392453244785,0.0,1
LigaPro Serie A,10,7,946508.2,0.365,0.4,0.03500000000000001,0.305,0.03500000000000003,0.15491933384829668,0.2259240285287662,0.0,1
T20 Premier League Women,9,3,914484.9,0.47000000000000003,0.6666666666666666,0.19666666666666666,0.5533333333333333,0.1966666666666666,0.15713484026367724,1.2515790027001885,0.0,1
North America WC Qualifiers,10,2,854064.5,0.529,0.5,-0.029000000000000005,0.46699999999999997,-0.029000000000000026,0.15811388300841897,-0.18341210428976615,0.0,1
CONCACAF Champions Cup,9,3,832627.5,0.3877777777777778,0.3333333333333333,-0.05444444444444445,0.4744444444444444,-0.05444444444444446,0.15713484026367724,-0.34648232278140834,0.0,1
Austria Bundesliga,10,5,713497.2,0.33199999999999996,0.0,-0.33199999999999996,0.33199999999999996,-0.33199999999999996,0.0,-inf,0.0,1
AHL,6,3,705506.0,0.49333333333333335,1.0,0.5066666666666667,0.5066666666666667,0.5066666666666666,0.0,inf,0.0,1
One Day Cup,6,2,657678.6,0.5775,0.5,-0.07750000000000001,0.47750000000000004,-0.07750000000000001,0.2041241452319315,-0.37967091013139265,0.0,1
Copa Argentina,8,4,650129.0,0.4575,0.25,-0.2075,0.465,-0.20750000000000002,0.15309310892394862,-1.3553843243400254,0.0,1
Prva Liga,9,3,625561.5,0.49388888888888893,0.3333333333333333,-0.16055555555555556,0.46499999999999997,-0.16055555555555562,0.15713484026367724,-1.0217692988145615,0.0,1
FIBA Women's World Cup,9,3,621774.6,0.39622222222222225,0.3333333333333333,-0.06288888888888891,0.10755555555555554,-0.06288888888888894,0.15713484026367724,-0.40022243815158615,0.0,1
National League,8,3,533315.5,0.416875,0.625,0.208125,0.365625,0.208125,0.1711632992203644,1.2159440776614687,0.0,1
Eerste Divisie,8,4,527029.8,0.350625,0.5,0.14937499999999998,0.410625,0.14937499999999998,0.1767766952966369,0.8449926035179242,0.0,1
Scottish Cup,5,1,490288.0,0.6,1.0,0.4,0.4,0.4,0.0,inf,0.0,1
CONCACAF Gold Cup,4,3,428498.8,0.675,0.5,-0.175,0.4275,-0.17500000000000004,0.25,-0.7000000000000002,0.0,1
FIFA U-20 Women's World Cup,4,2,426997.8,0.4475,0.5,0.05249999999999999,0.49,0.05249999999999999,0.25,0.20999999999999996,0.0,1
League Two,3,1,404730.0,0.14666666666666667,1.0,0.8533333333333334,0.8533333333333334,0.8533333333333333,0.0,inf,0.0,1
Basketbol Süper Ligi,6,1,391471.80000000005,0.4875,0.0,-0.4875,0.4875,-0.4875,0.0,-inf,0.0,1
Top 14,6,1,379342.80000000005,0.32016666666666665,0.0,-0.32016666666666665,0.32016666666666665,-0.32016666666666665,0.0,-inf,0.0,1
ÖFB Cup,3,1,368114.4,0.38999999999999996,0.0,-0.38999999999999996,0.38999999999999996,-0.38999999999999996,0.0,-inf,0.0,1
KBL,6,2,346927.19999999995,0.6525,0.0,-0.6525,0.6525,-0.6525,0.0,-inf,0.0,1
Europe FIBA World Cup Qualifiers,3,1,344125.19999999995,0.49499999999999994,1.0,0.505,0.505,0.5050000000000001,0.0,inf,0.0,1
WNCL,3,1,325439.69999999995,0.525,1.0,0.4749999999999999,0.4749999999999999,0.475,0.0,inf,0.0,1
U19 Cricket World Cup,3,1,313017.0,0.695,1.0,0.30500000000000005,0.30500000000000005,0.30500000000000005,0.0,inf,0.0,1
Rainbow Six Siege,4,2,311343.4,0.5475,0.5,-0.04749999999999999,0.8400000000000001,-0.04749999999999999,0.25,-0.18999999999999995,0.0,1
T20 Blast Women,3,1,301146.9,0.575,0.0,-0.575,0.575,-0.575,0.0,-inf,0.0,1
AFL,3,1,288221.4,0.365,0.0,-0.365,0.365,-0.365,0.0,-inf,0.0,1
Campeones Cup,3,1,251581.19999999998,0.5066666666666667,1.0,0.49333333333333335,0.49333333333333335,0.4933333333333333,0.0,inf,0.0,1
Sher-E-Punjab T20,3,1,251575.19999999998,0.52,0.0,-0.52,0.52,-0.52,0.0,-inf,0.0,1
Honor of Kings,4,2,249656.4,0.43125,0.5,0.06874999999999999,0.42375,0.06874999999999998,0.25,0.2749999999999999,0.0,1
Americas FIBA World Cup Qualifiers,3,1,242096.09999999998,0.255,0.0,-0.255,0.255,-0.255,0.0,-inf,0.0,1
ABA League,3,1,235349.40000000002,0.595,1.0,0.405,0.405,0.405,0.0,inf,0.0,1
King Cup,4,2,234991.5,0.54,0.25,-0.29,0.3825,-0.29000000000000004,0.21650635094610965,-1.339452624519932,0.0,1
NRL,3,1,227175.90000000002,0.68,1.0,0.31999999999999995,0.31999999999999995,0.31999999999999995,0.0,inf,0.0,1
Indonesia Liga 1,2,1,226882.4,0.22749999999999998,1.0,0.7725,0.7725,0.7725,0.0,inf,0.0,1
League of Ireland Premier Division,3,2,217362.9,0.45999999999999996,0.6666666666666666,0.20666666666666667,0.5499999999999999,0.20666666666666667,0.2721655269759087,0.7593418202627852,0.0,1
Cricket UAE,3,1,213657.90000000002,0.24366666666666667,0.0,-0.24366666666666667,0.24366666666666667,-0.24366666666666667,0.0,-inf,0.0,1
Primera Nacional,3,2,212447.9,0.375,0.3333333333333333,-0.041666666666666664,0.45166666666666666,-0.041666666666666685,0.2721655269759087,-0.1530931089239487,0.0,1
Liga Nacional de Guatemala,3,1,197796.30000000002,0.5,1.0,0.5,0.5,0.5,0.0,inf,0.0,1
Indian Super League,3,1,194084.7,0.19166666666666665,0.0,-0.19166666666666665,0.19166666666666665,-0.19166666666666665,0.0,-inf,0.0,1
Turkey 1. Lig,3,2,192979.09999999998,0.40166666666666667,0.0,-0.40166666666666667,0.40166666666666667,-0.40166666666666667,0.0,-inf,0.0,1
Women's Olympic Hockey,2,1,179048.6,0.425,0.0,-0.425,0.425,-0.425,0.0,-inf,0.0,1
K League 2,2,1,172320.8,0.42,0.0,-0.42,0.42,-0.42,0.0,-inf,0.0,1
Australia Cup,3,1,171093.0,0.6516666666666667,1.0,0.34833333333333333,0.34833333333333333,0.3483333333333333,0.0,inf,0.0,1
World Championship of Legends,3,1,168131.40000000002,0.19699999999999998,0.0,-0.19699999999999998,0.19699999999999998,-0.19699999999999998,0.0,-inf,0.0,1
South America WC Qualifiers,2,1,161904.0,0.4475,0.0,-0.4475,0.4475,-0.4475,0.0,-inf,0.0,1
OBOS-ligaen,2,1,153175.6,0.39,1.0,0.61,0.61,0.61,0.0,inf,0.0,1
Copa America,2,2,148093.9,0.56,0.5,-0.06,0.435,-0.06000000000000005,0.3535533905932738,-0.16970562748477155,0.0,1
DEL,2,1,133399.8,0.51,0.0,-0.51,0.51,-0.51,0.0,-inf,0.0,1
Scotland League Cup,2,1,124006.4,0.4575,1.0,0.5425,0.5425,0.5425,0.0,inf,0.0,1
Mobile Legends: Bang Bang,2,1,122334.4,0.385,0.0,-0.385,0.385,-0.385,0.0,-inf,0.0,1
Superettan,2,1,118211.2,0.4025,1.0,0.5974999999999999,0.5974999999999999,0.5974999999999999,0.0,inf,0.0,1
Korn Ferry Tour,2,1,118192.0,0.5,1.0,0.5,0.5,0.5,0.0,inf,0.0,1
Women's College Basketball,2,1,115220.8,0.32,0.0,-0.32,0.32,-0.32,0.0,-inf,0.0,1
NB I,1,1,100325.8,0.645,0.0,-0.645,0.645,-0.645,0.0,-inf,0.0,1
Brasileirão Série C,1,1,90343.4,0.365,0.0,-0.365,0.365,-0.365,0.0,-inf,0.0,1
Categoría Primera B,1,1,87357.3,0.345,0.0,-0.345,0.345,-0.345,0.0,-inf,0.0,1
Women's Super League,1,1,81872.8,0.915,1.0,0.08499999999999996,0.08499999999999996,0.08499999999999996,0.0,inf,0.0,1
Portugal Super Cup,1,1,76400.7,0.89,1.0,0.10999999999999999,0.10999999999999999,0.10999999999999999,0.0,inf,0.0,1
UAE Pro League,1,1,71142.3,0.245,1.0,0.755,0.755,0.755,0.0,inf,0.0,1
AFC Champions League Elite,1,1,69926.3,0.46,1.0,0.54,0.54,0.54,0.0,inf,0.0,1
Africa Cup of Nations Qualifiers,1,1,60976.5,0.05,0.0,-0.05,0.05,-0.05,0.0,-inf,0.0,1
