lead_days,price_band,n,mean_price,mean_outcome,bias,edge_no,se,t,is_cold
1,0-.05,2577,0.015241909196740394,0.013193636010865347,-0.0020482731858750478,0.0020482731858750478,0.0022477137938492534,-0.9112695715442224,0
1,.05-.10,1216,0.07525493421052631,0.09046052631578948,0.015205592105263163,-0.015205592105263163,0.00822571282977615,1.848544000979543,0
1,.10-.15,1073,0.1257369058713886,0.15843429636533085,0.03269739049394224,-0.03269739049394224,0.011147275968159278,2.9332179975931356,0
1,.15-.20,1013,0.17668460019743337,0.26061204343534056,0.08392744323790718,-0.08392744323790718,0.013792046231131014,6.085206055100696,0
1,.20-.30,2747,0.25481066618128867,0.33818711321441575,0.08337644703312708,-0.08337644703312708,0.009026446393764053,9.236907127784855,0
1,.30-.50,6346,0.4152629215253703,0.43980460132366844,0.024541679798298133,-0.024541679798298133,0.0062308833261916835,3.938715991541124,0
1,.50-.70,4783,0.582109931005645,0.5640811206355844,-0.018028810370060655,0.018028810370060655,0.0071700705843402565,-2.5144536804751065,0
1,.70-.90,1787,0.7814442081701176,0.7548964745383324,-0.026547733631785198,0.026547733631785198,0.010175510372550078,-2.6089830052555967,0
1,.90-1.0,509,0.958781532416503,0.9194499017681729,-0.03933163064833012,0.03933163064833012,0.012062523748700229,-3.260646898421088,0
3,0-.05,2218,0.015433273219116321,0.016681695220919748,0.0012484220018034262,-0.0012484220018034262,0.002719483211650201,0.45906589768791967,0
3,.05-.10,1009,0.0756982160555005,0.08721506442021804,0.01151684836471753,-0.01151684836471753,0.008882483344488143,1.2965797872127836,0
3,.10-.15,938,0.12683049040511726,0.1460554371002132,0.019224946695095946,-0.019224946695095946,0.011531141038046344,1.667219803457813,0
3,.15-.20,885,0.17678305084745763,0.27231638418079096,0.09553333333333333,-0.09553333333333333,0.014963615800967781,6.384374913391899,0
3,.20-.30,2561,0.2548266302225693,0.33190160093713394,0.07707497071456465,-0.07707497071456465,0.00930507975607348,8.28310694105092,0
3,.30-.50,6289,0.4193394021307044,0.44617586261726827,0.02683646048656385,-0.02683646048656385,0.006268276977677593,4.281313761681732,0
3,.50-.70,4366,0.5786024965643609,0.5721484196060467,-0.0064540769583142366,0.0064540769583142366,0.007487883104839643,-0.8619361263990317,0
3,.70-.90,1539,0.7794954515919428,0.7498375568551007,-0.029657894736842105,0.029657894736842105,0.011040159286851828,-2.6863647494799183,0
3,.90-1.0,425,0.9592623529411766,0.9247058823529412,-0.03455647058823541,0.03455647058823541,0.012799348650229843,-2.6998616517579483,0
7,0-.05,1571,0.014460852959898154,0.009548058561425843,-0.0049127943984723105,0.0049127943984723105,0.002453500485722284,-2.002361290352888,0
7,.05-.10,792,0.07599936868686868,0.07828282828282829,0.0022834595959596027,-0.0022834595959596027,0.009544858674688942,0.2392345108277906,0
7,.10-.15,631,0.12697464342313786,0.15530903328050713,0.028334389857369274,-0.028334389857369274,0.014418915724998125,1.965084642824137,0
7,.15-.20,585,0.17660512820512822,0.2376068376068376,0.061001709401709375,-0.061001709401709375,0.017597097095940515,3.466577985512275,0
7,.20-.30,1932,0.2553804347826087,0.31211180124223603,0.05673136645962734,-0.05673136645962734,0.01054169540501888,5.381616929722486,0
7,.30-.50,6336,0.4288847853535354,0.44728535353535354,0.018400568181818122,-0.018400568181818122,0.006246478377148083,2.945750720779595,0
7,.50-.70,3524,0.5706484108967083,0.5646992054483542,-0.005949205448354089,0.005949205448354089,0.00835190158963711,-0.7123174745899493,0
7,.70-.90,911,0.7758918770581777,0.7639956092206367,-0.011896267837541052,0.011896267837541052,0.014068451065456601,-0.8455989776124619,0
7,.90-1.0,245,0.9542877551020408,0.9428571428571428,-0.011430612244897942,0.011430612244897942,0.014829307856804043,-0.770812256059092,0
14,0-.05,1373,0.0156598689002185,0.007283321194464676,-0.008376547705753825,0.008376547705753825,0.002294785632141292,-3.650252811604702,0
14,.05-.10,661,0.07422541603630863,0.07866868381240545,0.0044432677760968264,-0.0044432677760968264,0.010471481478590977,0.42432083609001464,0
14,.10-.15,328,0.12476371951219511,0.125,0.0002362804878048852,-0.0002362804878048852,0.0182608971809618,0.012939150002510464,0
14,.15-.20,180,0.17599166666666666,0.16666666666666666,-0.009325,0.009325,0.02777777777777778,-0.3357,0
14,.20-.30,419,0.25345942720763726,0.2744630071599045,0.02100357995226726,-0.02100357995226726,0.021800410807182632,0.963448814705233,0
14,.30-.50,2650,0.44927301886792453,0.4486792452830189,-0.0005937735849056436,0.0005937735849056436,0.00966155931270598,-0.06145732440153507,0
14,.50-.70,753,0.563812749003984,0.5962815405046481,0.03246879150066406,-0.03246879150066406,0.017879999322547673,1.815928005082143,0
14,.70-.90,222,0.7729076576576577,0.7837837837837838,0.010876126126126096,-0.010876126126126096,0.02762903910884691,0.39364836696921257,0
14,.90-1.0,158,0.9518987341772153,0.9493670886075949,-0.0025316455696203777,0.0025316455696203777,0.01744234982941616,-0.14514360704718868,0
21,0-.05,1250,0.0158096,0.0112,-0.0046096,0.0046096,0.002976516084283772,-1.5486561703257824,0
21,.05-.10,641,0.07601170046801872,0.0686427457098284,-0.007368954758190327,0.007368954758190327,0.009986802459049406,-0.7378692818253403,0
21,.10-.15,429,0.12442890442890443,0.10722610722610723,-0.0172027972027972,0.0172027972027972,0.014937996885279546,-1.1516133879870782,0
21,.15-.20,194,0.17465463917525775,0.17010309278350516,-0.004551546391752592,0.004551546391752592,0.026975363961790944,-0.1687297490480424,0
21,.20-.30,346,0.2516127167630058,0.34104046242774566,0.08942774566473988,-0.08942774566473988,0.025485565755786727,3.508956658905424,0
21,.30-.50,2221,0.4554275101305718,0.4597028365601081,0.004275326429536264,-0.004275326429536264,0.010575006822765185,0.40428592635350546,0
21,.50-.70,541,0.5587865064695009,0.5600739371534196,0.0012874306839186778,-0.0012874306839186778,0.02134095721498726,0.06032675436950621,0
21,.70-.90,178,0.795688202247191,0.8370786516853933,0.04139044943820236,-0.04139044943820236,0.02767974785739925,1.4953333264247208,0
21,.90-1.0,122,0.9533934426229509,0.9754098360655737,0.02201639344262285,-0.02201639344262285,0.014021496310584693,1.5701885843669114,0
30,0-.05,985,0.010521827411167514,0.008121827411167513,-0.002400000000000001,0.002400000000000001,0.0028598149332531267,-0.8392151436421544,0
30,.05-.10,266,0.0779172932330827,0.041353383458646614,-0.03656390977443609,0.03656390977443609,0.012207984743011303,-2.9950815424607904,0
30,.10-.15,408,0.12463112745098039,0.09558823529411764,-0.029042892156862746,0.029042892156862746,0.01455644225746076,-1.9951916576302908,0
30,.15-.20,176,0.1749744318181818,0.11931818181818182,-0.05565624999999999,0.05565624999999999,0.02443467093666027,-2.2777572959452788,0
30,.20-.30,222,0.25102477477477475,0.32882882882882886,0.0778040540540541,-0.0778040540540541,0.0315300821724477,2.467613424808722,0
30,.30-.50,363,0.4384573002754821,0.4049586776859504,-0.03349862258953168,0.03349862258953168,0.025764730577734405,-1.3001736031534836,0
30,.50-.70,152,0.5936743421052632,0.7039473684210527,0.1102730263157895,-0.1102730263157895,0.03702821389744648,2.9780811632233246,0
30,.70-.90,132,0.8005643939393939,0.8257575757575758,0.025193181818181865,-0.025193181818181865,0.03301537771143,0.7630741661774152,0
30,.90-1.0,64,0.9625078125000001,0.984375,0.02186718749999994,-0.02186718749999994,0.015502449088269086,1.410563413270432,0
1,0-.05,4,0.012875000000000001,0.0,-0.012875000000000001,0.012875000000000001,0.0,-inf,1
1,.10-.15,1,0.135,0.0,-0.135,0.135,0.0,-inf,1
1,.20-.30,4,0.2375,0.75,0.5125,-0.5125,0.21650635094610965,2.3671361036774656,1
1,.30-.50,25,0.4165,0.32,-0.09649999999999997,0.09649999999999997,0.0932952303175248,-1.034350841640756,1
1,.50-.70,14,0.5853571428571429,0.5714285714285714,-0.013928571428571512,0.013928571428571512,0.13226001425322165,-0.10531203634912835,1
1,.70-.90,2,0.8525,1.0,0.14749999999999996,-0.14749999999999996,0.0,inf,1
1,.90-1.0,3,0.9216666666666667,0.6666666666666666,-0.2550000000000001,0.2550000000000001,0.2721655269759087,-0.936929826614566,1
3,0-.05,3,0.0005,0.0,-0.0005,0.0005,0.0,-inf,1
3,.10-.15,1,0.115,0.0,-0.115,0.115,0.0,-inf,1
3,.15-.20,1,0.2,1.0,0.8,-0.8,0.0,inf,1
3,.20-.30,2,0.2375,0.5,0.2625,-0.2625,0.3535533905932738,0.7424621202458749,1
3,.30-.50,20,0.422875,0.35,-0.07287500000000002,0.07287500000000002,0.1066536450385077,-0.6832865390928573,1
3,.50-.70,11,0.5831818181818181,0.6363636363636364,0.05318181818181822,-0.05318181818181822,0.14504073367590284,0.36666815475888537,1
3,.70-.90,1,0.865,0.0,-0.865,0.865,0.0,-inf,1
7,.20-.30,2,0.275,0.0,-0.275,0.275,0.0,-inf,1
7,.30-.50,7,0.45964285714285713,0.42857142857142855,-0.031071428571428583,0.031071428571428583,0.1870439059165649,-0.16611836894214926,1
7,.50-.70,11,0.6004545454545455,0.45454545454545453,-0.14590909090909093,0.14590909090909093,0.150131422517231,-0.9718757636652949,1
7,.70-.90,1,0.73,0.0,-0.73,0.73,0.0,-inf,1
14,.30-.50,2,0.45375,0.0,-0.45375,0.45375,0.0,-inf,1
21,.30-.50,2,0.48875,0.0,-0.48875,0.48875,0.0,-inf,1
30,.30-.50,2,0.48875,0.0,-0.48875,0.48875,0.0,-inf,1
